rid,name,domain,keep_delete_edit
#19:642,(11)CrI3-SL||(√7√7)CSL Cr2I5,
#19:643,(√3√3)CrI3-SL||(55)CSL Cr6I17,
#19:20,"1200 °C, 1300 °C and 1400 °C",
#19:209,2014,
#19:208,2015,
#19:210,2017,
#19:207,2019,
#19:211,2021,
#19:608,2D heterostructures,
#19:298,2D materials,
#19:296,2D materials-based energy storage systems,
#19:551,2D-TMDs,
#19:316,3D printed battery cells,
#19:322,3D printing,
#19:323,3D-printed perforated polymer substrate,
#19:389,"62,63 hypersonic erosion",
#19:518,99.9% selectivity ethylene,
#19:152,A.3 Nearest-neighbour correction,
#19:363,AFM,
#19:182,ATP-stabilized gold nanoparticles,
#19:176,AgOx/TiOx coatings,
#19:11,"Annealing in a vacuum with heating rate of 10 °C/min to the annealing temperature Ta, which is in the range 900 -1200 °C",
#19:469,Appliances,
#19:4,Artificial Intelligence,
#19:465,Automotive parts,
#19:153,B Energetic interactions v,
#19:154,B.1 A first look,
#19:155,B.2 Splitting the molecules,
#19:156,B.3 Globules and micro-phase segregation,
#19:435,BFO thin films,
#19:317,Batteries,
#19:157,C Cross-linker of arbitrary functionality,
#19:204,C.R.,
#19:573,CMOS and dynamic random access memory (DRAM) applications,
#19:187,CMOS-compatible antennas,
#19:148,Chem. Phys. Lett.,
#19:287,Cu -BHT films,
#19:158,D Additional plots ix,
#19:246,DSSCs,
#19:654,DUV electroluminescent devices,
#19:62,Decision Trees,
#19:87,Density Functional Theory,
#19:459,Disposable goods,
#19:253,EDS mapping of PZO films,
#19:315,EESD,
#19:295,EESS applications,
#19:428,EOS of condensed matter,
#19:466,Electrical,
#19:10,Energy dispersive X-ray spectroscopy (EDX),
#19:332,Energy storage,
#19:150,Europhys. Lett.,
#19:98,Figure S4. Different positions of gold on the surface of carbon nanotube.,
#19:8,Film and micro-pillar cross-sectional lift-out,
#19:467,Footwear,
#19:401,Fracture,
#19:470,Furniture,
#19:488,GVL derived pentenoic acids,
#19:212,GaAs active nanophotonic devices,
#19:42,Gas Turbine Engine,
#19:614,Graphene,
#19:93,High Entropy Alloys,
#19:244,High-Electron-Mobility Transistors,
#19:65,Hydrogen Storage,
#19:215,III-V GaAs active nanophotonic devices,
#19:177,Inactivation of viruses,
#19:94,Intermetallic compounds,
#19:22,Irregular apatite reaction layer after 1 h with coarse grains,
#19:171,J. Chem. Theory Comput.,
#19:205,J. Hone,
#19:666,Janus magnets,
#19:202,K. Watanabe,
#19:325,"LFP cathode, LAlO2-PEO membrane, LTO-based anode",
#19:179,LSPR,
#19:15,Li-ion batteries,
#19:250,MEMS,
#19:3,Machine Learning,
#19:259,Materials Processing,
#19:661,Matlab code,
#19:178,Membrane integrity,
#19:64,Metal Hydrides,
#19:116,Mg/MgH2 micro and nanostructured morphologies,
#19:149,Nano Lett.,
#19:174,Nanotechnology,
#19:206,Nat. Nanotechnol.,
#19:577,Nature,
#19:657,Nature Physics,
#19:617,Nature Reviews Materials,
#19:260,Next-generation flat electronics,
#19:92,NiAlH Embedded Atom Method (EAM) potential,
#19:226,NiFe alloy,
#19:45,Optical Absorption,
#19:169,Optical Materials,
#19:464,PBT resins and yarns,
#19:471,"PBT yarn: sportswear, underwear, outerwear, car interior textiles and etc.",
#19:524,PET and poly(butylene terephthalate) (PBT),
#19:434,PFS,
#19:200,PL measurements,
#19:37,PZT,
#19:172,Phys. Chem. Chem. Phys.,
#19:658,Phys. Rev. B,
#19:46,Propulsion,
#19:557,RS devices,
#19:199,Raman spectroscopy,
#19:221,Rashba SOC,
#19:468,Recreation equipment,
#19:97,S4,
#19:500,SBL hydrolysis,
#19:669,STM-based methods,
#19:9,Scanning and transmission electron microscopy (STEM) and selected area electron diffraction (SAED),
#19:384,Schallamach's observations about 'imperfections' in the spherical contact itself,
#19:318,Supercapacitors,
#19:63,Support Vector Machines (SVM),
#19:203,T. Taniguchi,
#19:54,TBC systems,
#19:416,TEC,
#19:197,TEM images,
#19:12,TEM investigations,
#19:366,TEM samples prepared by directly electrospinning the BP-PVP nanofibers on TEM grids,
#19:634,THz devices,
#19:655,THz optoelectronic elements,
#19:549,THz spectroscopy,
#19:615,TMDC/Graphene HSTs,
#19:596,TMDs,
#19:616,The Journal of Physical Chemistry C,
#19:43,Thermal Barrier Coating,
#19:44,Thermal Radiation,
#19:285,Thermoelectric transport,
#19:108,TiFe for hydrogen storage,
#19:99,Total PDOS of a) CNT 168 and b) CNT 228 decorated with gold.,
#19:284,Transport physics,
#19:421,UHTCs,
#19:646,Van der Waals layered γ-InSe semiconductor,
#19:429,WDM,
#19:170,WIREs Comput. Mol. Sci.,
#19:245,X-rays,
#19:579,absorption behavior,
#19:479,acrylates,
#19:321,active material deposition,
#19:145,adatom -substrate binding,
#19:320,additive manufacturing of highly conductive composites can eliminate the need for a separate current collector.,
#19:450,adhesives,
#19:127,advanced experimental techniques,
#19:263,advanced high-temperature molten salt applications,
#19:461,agriculture or horticulture,
#19:21,air plasma sprayed YbDS/mullite/Si,
#19:293,alkali-activated material (AAM),
#19:164,all of the simulations in this study,
#19:57,alloy hydrides,
#19:142,analysis of some mineral elements in major coconut cultivars in Nigeria,
#19:606,anisotropic 2D materials,
#19:134,anode material for sodium ion batteries,
#19:272,anti-corrosion properties of h-BN composites,
#19:441,antibiotic-releasing living surfaces,
#19:398,artificial muscles,
#19:243,atomic layer deposition,
#19:405,atomic-resolution imaging under cryogenic conditions,
#19:88,automated computational workflow,
#19:84,automobiles,
#19:376,automotive,
#19:248,batteries,
#19:69,battery materials discovery,
#19:417,battery systems,
#19:546,bio-based economy,
#19:338,biocompatibility,
#19:396,bioderived LCEs,
#19:136,bioimaging,
#19:486,biomaterials,
#19:443,biomedical applications,
#19:566,biosensing,
#19:355,biosensors,
#19:531,blending different kinds of PHAs among themselves or with other low cost materials,
#19:380,body and structural protection,
#19:367,bond force law,
#19:160,bond rearrangements,
#19:368,bond rupture,
#19:536,bone plates,
#19:80,boundary conditions,
#19:188,brain-inspired c computing,
#19:105,breast cancer therapy,
#19:241,"bright-field (BF) and dark-field (DF) transmission electron microscopy (TEM, 80 kV, incl. selected area electron diffraction (SAED))",
#19:400,bulk fracture,
#19:79,caprock integrity,
#19:334,carbon nanosheets attached to graphene is crucial for achieving best electrochemical performance,
#19:86,carbon-neutral energy systems,
#19:539,cardiovascular patches,
#19:381,cargo transport mechanisms,
#19:124,catalysis,
#19:68,catalyst design,
#19:51,catalytic converters,
#19:31,"ceramics-polymer composites, sol-gel, bismuth titanate, Bi 4Ti 3O 12",
#19:294,charge/discharge processes,
#19:141,chemical composition of meat (Kernel) and nut water of major coconut cultivars at coastal area of Pakistan,
#19:473,chemical synthesis,
#19:612,chemical vapor deposition (CVD)-grown Cr 5Te8,
#19:6,classification,
#19:130,climate change,
#19:449,coatings,
#19:270,coatings containing furan-maleimide functional groups,
#19:670,coherency,
#19:457,commercialization,
#19:19,commercially available,
#19:240,complementary aberration corrected STEM (60 kV),
#19:673,composite applications,
#19:126,composite materials,
#19:446,composite s,
#19:548,conduction band spin-orbit splitting,
#19:447,construction materials,
#19:510,construction wood,
#19:463,containers,
#19:580,controlled releasing criteria,
#19:475,"conversion of 5-HMF to 1,6-HDO, and subsequently to 1,6-HDA is particularly important since these products have a last-born and very large polymer market",
#19:512,corn stover,
#19:275,corrosion inhibition,
#19:279,corrosion protection,
#19:336,corrosion rate measurement,
#19:23,corrosion resistance,
#19:308,corrosion tests,
#19:269,corrosive species,
#19:289,corrosive-resistant structural components in nuclear power engineering and marine aviation,
#19:311,corrosivity of molten NaCl-KCl-MgCl2 salt,
#19:496,cosmetic,
#19:509,"cosmetic, food additive, antifreeze agent, brake fluid, lubricant, aircraft de-icing fluid",
#19:411,cryogenic inert gas transfer technology,
#19:412,cryogenic plasma-FIB/SEM (PFIB/SEM),
#19:595,cryptography,
#19:387,crystalline materials,
#19:570,cycle-to-cycle variation in de- vice characteristics,
#19:117,"cyclization of hydrogen charge and discharge, storage of thermal energy",
#19:32,damage,
#19:640,data curation,
#19:432,decreasing the device size,
#19:254,degradation process of Cu/Ge films,
#19:430,dense plasmas,
#19:83,depositing and characterizing the hydrogen permeation barrier performance of Al2O3 thin-films,
#19:184,deposition time,
#19:391,detonation initiation and propagation in energetic materials,
#19:236,device applicatio ns of epitaxial graphene,
#19:220,device geometries,
#19:231,device measurements,
#19:66,device modeling,
#19:234,device performance,
#19:357,diagnosis and therapy of cancer,
#19:33,dielectric ceramic materials,
#19:593,dielectric function,
#19:618,dielectric materials in devices and high-frequency rectifiers,
#19:257,diffusion,
#19:504,dihydroxyacetone compound,
#19:550,diode laser excitation,
#19:223,direct integration of HZO ferroelectric thin film onto CVD graphene,
#19:224,"disordered, intermixed Co-Pt interfaces",
#19:494,dispersant,
#19:555,doping,
#19:474,"double diamination of 1,6-HDO yields 1,6-HDA (Figure 11)",
#19:365,drop casting BP dispersion onto carbon grids,
#19:476,drug delivery,
#19:520,drug delivery devices,
#19:319,e EES device design is generally necessary for fabrication of high-performance 3D printed devices.,
#19:201,eetharan,
#19:286,electrical contacts,
#19:644,electrical polarization switching,
#19:558,electrical switching of polarization for quinton states,
#19:297,electrochemical energy storage systems (EESS),
#19:326,electrode design for EESDs,
#19:228,electron beam diffraction,
#19:574,electron spin,
#19:559,electronic behaviors,
#19:424,electronic components operating at different temperatures,
#19:583,electronic fibre applications,
#19:641,electronic structure analysis,
#19:377,electronics,
#19:665,emerging Janus two-dimensional materials,
#19:14,emerging technologies,
#19:351,energy conversion and storage,
#19:348,energy harvesting devices,
#19:131,energy poverty,
#19:258,energy storage,
#19:353,energy storage and conversion,
#19:143,energy storage applications of activated carbon supercapacitors and hydrogen storage,
#19:300,energy storage capability,
#19:262,energy storage capacitors,
#19:252,energy storage performance,
#19:344,energy storage using supercapacitors and batteries,
#19:330,energy transfer,
#19:552,energy-related applications,
#19:225,enhanced high-k nucleation of Al 2O3 thin films,
#19:26,environmental -barrier coating,
#19:39,environmentally ben ign,
#19:383,equation 9,
#19:151,estimation of the gel point at a vitrimer fraction𝜙=0.5,
#19:517,ethanol,
#19:480,ethyl acrylate,
#19:493,excipient,
#19:647,excitonic collective effects and superfluidity,
#19:427,exoplanet modeling,
#19:626,exotic quantum phenomena,
#19:288,experimental primitive cells,
#19:119,experimental research,
#19:374,extension,
#19:592,external field,
#19:194,fabrication of aerogel-like materials,
#19:415,ferroelectric material,
#19:582,ferroelectrics,
#19:242,field effect devices,
#19:407,field evaporation behaviors of nCB molecules,
#19:408,field-induced reentrant superconductivity in (SECS)NiO2,
#19:192,film thickness determination,
#19:460,"films (compost bag, shopping bag, packaging film and etc.)",
#19:30,filter and resonator applications,
#19:52,fire retardants,
#19:462,fishing gear,
#19:585,flexible and stretchable electronics,
#19:569,flexible electronic applications,
#19:563,flexible electronics,
#19:495,food,
#19:455,food packaging,
#19:61,formation energy prediction using Gaussian Process Regression [15],
#19:104,fuel cell systems for submarines,
#19:625,functional devices,
#19:175,functional layers to precisely control ROS delivery,
#19:444,functional living inks for 3D printing of bacteria-laden materials,
#19:274,functionalization approaches,
#19:674,fundamental and applied experiments,
#19:118,fundamental studies,
#19:18,gas turbine s,
#19:650,gate voltage,
#19:483,gene delivery,
#19:59,generative model,
#19:442,genetically programmable living materials for sensing,
#19:528,glass-reinforced or unreinforced unsaturable polyester resins,
#19:371,glassy polymers,
#19:505,glucose,
#19:291,good corrosion resistance,
#19:113,graphane,
#19:265,graphene,
#19:237,graphene field effect transistors,
#19:271,h-BN composites,
#19:572,hardware security,
#19:49,heat flux,
#19:266,hexagonal boron nitride,
#19:239,high angle annular dark field (HAADF) STEM data,
#19:196,high eﬃciency electronics,
#19:426,high magneto-photoluminescence,
#19:445,high strenght fibers,
#19:290,high strength,
#19:85,high-capacity and reversible hydrogen storage,
#19:327,high-performance TES systems,
#19:186,high-performance devices,
#19:140,high-surface-area activated carbons from coconut shell,
#19:303,high-temperature HTFs,
#19:261,high-temperature energy storage capacitors,
#19:306,high-temperature operation,
#19:82,home-built ALD and permeation systems,
#19:492,humectant,
#19:347,hybrid perovskites,
#19:283,hydrodynamics-assisted scalable production of boron nitride nanosheets and their application in improving oxygen-atom erosion resistance of polymeric composites,
#19:102,hydrogen,
#19:147,hydrogen adsorption,
#19:139,hydrogen adsorption characteristics of activated carbon,
#19:96,hydrogen fuel,
#19:75,hydrogen fuel cell applications,
#19:333,hydrogen sorption properties,
#19:55,hydrogen storage,
#19:101,hydrogen storage materials,
#19:335,hydrophobic layer,
#19:277,hydrophobicity,
#19:503,hydroxy acetone pathway,
#19:544,hyperbranched carbohydrate polymers,
#19:314,identifying a polymer matrix,
#19:386,immobilization of biopolymers,
#19:337,implant design,
#19:195,in situ studies,
#19:529,industrial scale up,
#19:81,initial conditions,
#19:431,interface engineering,
#19:122,kinetics,
#19:553,large-area WSe 2 films,
#19:129,large-scale applications of MgH2,
#19:91,lattice parameters a=b=c=3.52 Å [13] and angle α=β=γ=90° with space group Fm 3̅m (No.225),
#19:394,lifting large heavy plates against gravity,
#19:656,light bulbs,
#19:448,light weight engineering plastics,
#19:635,light-emitting devices,
#19:146,lighter elements,
#19:359,lightweight and flexible graphene foam composites,
#19:526,lignin -xylaric acid polyurethanes,
#19:547,lignocellulosic biomass,
#19:403,linear elastic periodic beam lattices,
#19:410,liquid cell electrochemical MEMs-based nanochip,
#19:406,liquid-helium temperatures,
#19:589,local valley magnetic moments,
#19:267,long-term protection in highly corrosive or high-temperature environments,
#19:499,lower alcohols,
#19:307,lower-cost electricity generation,
#19:668,luminescence,
#19:58,machine learning,
#19:603,magic-angle graphene,
#19:590,magnetic moment -based experiments and applications,
#19:70,magnetic properties,
#19:393,mass customization,
#19:508,mass production,
#19:25,mass spectrometric measurements of the silica activity in the Yb2O3–SiO2 system and implications to assess the degradation of silicate-based coatings in combustion environments,
#19:191,material characterization,
#19:60,material design,
#19:301,measurement errors,
#19:433,measurements,
#19:280,mechanical properties,
#19:375,mechanosensitive response,
#19:378,medical,
#19:456,medical devices,
#19:409,memory device,
#19:358,memory device performance,
#19:534,meniscus repair devices,
#19:601,"metal alloys, ceramics, minerals",
#19:144,metal hydride,
#19:56,metal hydrides,
#19:125,metalurgy,
#19:362,micro -Raman system ( Horiba Jobin Yvon HR800) equipped with a 488 nm laser,
#19:452,microelectronics,
#19:34,microwave frequencies (1-20 GHz),
#19:76,moderate-level reflector for UV rays,
#19:631,moiré superlattices,
#19:372,molecular dynamics simulations,
#19:638,molecular fingerprints,
#19:629,monolayer semiconductor,
#19:350,multifu nctional properties,
#19:543,multifunctional monomer,
#19:305,"multifunctional phase change energy storage, heat transfer, and structural media",
#19:352,multiple energy conversion and storage systems,
#19:561,nano-electronics,
#19:636,nano-optical systems,
#19:660,nano-optics,
#19:17,nanocristalline,
#19:586,nanoelectronics,
#19:103,nanographene VANG,
#19:591,nanomaterials,
#19:16,nanometric scale,
#19:132,nanoparticles,
#19:213,nanophotonic devices,
#19:622,nanoscale sensors,
#19:67,nanostructure design,
#19:121,nanostructuring,
#19:402,nanotextile structures,
#19:542,natural rubber,
#19:390,needle-free drug delivery,
#19:600,neural networks,
#19:645,neuromorphic transistors,
#19:310,next generation concentrated solar power plants,
#19:556,next-generation opto-electronic devices,
#19:106,"nitrogen monoxide, carbon monoxide sensors",
#19:594,non-interacting polarizability,
#19:95,none,
#19:607,nonlinear optical characterization,
#19:453,"novel materials for biomedical applications such as drug delivery systems, implants, membranes for a rtificial kidneys and water purification, dental fillings, wound dressing and artificial hearts",
#19:339,novel opportunities,
#19:128,novel procession techniques,
#19:437,observation,
#19:251,on -chip nonlinear dielectric energy storage solutions,
#19:40,operating temperatures,
#19:48,optical properties,
#19:628,optical transitions,
#19:354,opto-electronic devices,
#19:653,optoelectronic application,
#19:74,optoelectronic applications,
#19:72,optoelectronic devices,
#19:562,optoelectronics,
#19:292,ordinary Portland Cement (OPC),
#19:100,organic chemical hydrides,
#19:38,organic compounds,
#19:420,other Zn-containing compounds,
#19:498,other related industries,
#19:268,oxidation,
#19:451,packaging materials,
#19:481,paints,
#19:514,paper sludge,
#19:388,particle impacts related to space exploration,
#19:382,passive cargo transport,
#19:399,peeling adhesive tapes,
#19:89,periodic boundary conditions,
#19:667,periodic nanoscale moir´ e super-potentials,
#19:227,permalloy,
#19:340,perovskite materials,
#19:36,perovskites,
#19:545,petrochemical polymers,
#19:159,phase separation,
#19:163,phase separation and self-assembly,
#19:530,phases,
#19:578,photo/thermal-induced tumor photothermal and photodynamic therapy,
#19:633,photodetectors,
#19:341,photoferroics,
#19:662,photoluminescence,
#19:418,photonic and electronic changes in ZnPS3 under high pressure,
#19:214,photonic applications,
#19:133,photosynthetic nanoparticles,
#19:356,photothermal conversion efficiency,
#19:632,photovoltaic cells,
#19:185,photovoltaic devices,
#19:345,photovoltaic efficiency,
#19:588,photovoltaics,
#19:346,piezo-electricity,
#19:575,planar spin qubits,
#19:53,plasma treatment,
#19:489,plasticizers,
#19:478,plastics,
#19:605,polarized Raman spectroscopy,
#19:484,polyamides,
#19:485,polyesters,
#19:527,polyesters and copolymers,
#19:525,polyesters based on L-arabinitol and xylitol,
#19:522,polyethylene,
#19:487,polymer materials,
#19:162,polymer miscibility,
#19:501,polymer production from SBL or its derivatives,
#19:282,polymer/Inorganic nanocomposite coatings with superior corrosion protection performance,
#19:472,polymers,
#19:458,polymers market,
#19:507,polyurethane foam,
#19:304,power sources and storage devices,
#19:414,preparation of reliable and reproducible cryo-APT specimens from the frozen liquid-solid interface,
#19:439,printing,
#19:502,propanol,
#19:523,propylene,
#19:438,"pure CO2, 25°C",
#19:342,pyroelectric energy harvesting,
#19:7,quantifying effects of CMAS corrosion on the fracture strength of EBCs,
#19:627,quantum defects,
#19:564,quantum information processing,
#19:621,quantum operations,
#19:565,quantum sensing,
#19:189,quantum-dot optoelectronic devices,
#19:639,radiative heat transfer,
#19:581,realistic valleytronic applications,
#19:255,recommendations for obtaining Cu/Ge coatings that retain their protective properties for a long time,
#19:454,reduction of biomass size and physical structure,
#19:613,related chromium trihalides,
#19:538,repair patches,
#19:138,research,
#19:419,research on materials from the MPS3 family,
#19:597,resolution,
#19:13,resonators,
#19:35,resonators and ﬁlters,
#19:513,rice straw,
#19:535,rivets,
#19:369,rubber,
#19:361,saturable absorber device,
#19:521,"scaffolds for use in cell culture, transplantation, organ regeneration, food packa ging applications",
#19:554,scalability,
#19:364,"scanning TEM (JEOL JEM-2100F, operated at 200 kV)",
#19:167,self-healing and adhesion ability,
#19:440,self-healing concretes,
#19:29,self-healing materials,
#19:379,self-healing sensing and actuation,
#19:109,self-ignition,
#19:219,semicond. Sci. Technol.,
#19:229,semiconductor devices,
#19:392,sense and actuate,
#19:309,sensible energy storage options for concentrating solar power plants operating a bove 600oC,
#19:576,sensing experiments,
#19:247,sensors,
#19:168,shape memory properties,
#19:611,signal generation at terahertz frequencies,
#19:24,silica activity measurements in the Y2O3 - SiO2 system and applications to modeling of coating volatility,
#19:27,silicate deposits,
#19:671,single quantum phase -slip events,
#19:598,single-photon emitters,
#19:281,smart anti-corrosive coatings,
#19:349,smart materials,
#19:397,smart textiles,
#19:135,sodium ion batteries,
#19:624,solar cells,
#19:2,solid lubrication,
#19:110,solid-state hydrogen storage,
#19:137,solid-state materials or nano-structures,
#19:217,solvent effect on the properties of sulfided GaAs,
#19:609,sp-sp 2 carbon heterostructures,
#19:425,spatially resolved experiments,
#19:112,special limits,
#19:73,specific o ptoelectronic applications,
#19:637,spectroscopy,
#19:111,spectrum stability,
#19:664,spin and valleytronics,
#19:222,spin-charge conversion,
#19:568,spintronics,
#19:648,spreading,
#19:541,stem cell growth,
#19:571,stochastic computing,
#19:395,storm windows,
#19:587,stretchable electronics,
#19:620,structural and electronic properties,
#19:41,structural applications,
#19:5,structured and numeric data,
#19:506,styrene,
#19:78,subsurfaceH2 storage,
#19:216,sulfide coated GaAs surfaces,
#19:218,sulphide passivation in GaAs,
#19:249,supercapacitors,
#19:190,superconducting detectors,
#19:71,superconductors,
#19:193,supported aerogel thin films,
#19:370,surface erosion,
#19:385,surface modification,
#19:232,surface reactions,
#19:537,surgical mesh,
#19:533,suture fasteners,
#19:519,suture manufacture,
#19:532,sutures,
#19:490,sweetener,
#19:516,switch grass,
#19:511,switchgrass,
#19:90,system bulk NiH (100) fcc cubic,
#19:230,tailoring surface chemistry,
#19:47,temperature control,
#19:313,testing of directional transport avenues,
#19:77,"tetragonal complex metal hydride X2MgH4 (X=K, Rb, and Cs) compounds for hydrogen storage applications",
#19:120,theoretical research,
#19:675,theoretical studies,
#19:276,thermal -induced self -healing applications,
#19:1,thermal barrier coating,
#19:256,thermal barrier coatings (TBCs),
#19:329,thermal conductivity and volumetric heat capacity,
#19:114,thermal energy storage,
#19:423,thermal insulators,
#19:672,thermal management and electromagnetic interference (EMI),
#19:331,thermal stability dielectric constant materials,
#19:299,thermal transport in 2D materials,
#19:302,thermal transport property,
#19:343,thermo-electric energy conversion,
#19:28,thermo-mechanical coupling effects,
#19:312,thermodynamic evaluation and optimization,
#19:123,thermodynamics,
#19:491,thickener,
#19:482,thickeners,
#19:422,thin film,
#19:183,thin films,
#19:161,thin polymer network films,
#19:477,tissue engineering,
#19:540,tissue repair patches,
#19:497,toothpaste,
#19:198,topography analysis,
#19:599,topological computing elements,
#19:663,topological electronic and valleytronic devices,
#19:373,toughness,
#19:264,traditional organic and metallic coatings,
#19:659,transfer,
#19:413,transfer the frozen interface to the cryo stage of a PFIB/SEM,
#19:623,transistors,
#19:630,transition metal dichalcogenide heterostructure,
#19:233,transmission electron microscopy,
#19:436,transport and static magnetization,
#19:324,tri-layered structure,
#19:0,turbine blade,
#19:50,turbochargers,
#19:604,twisted nano-optics,
#19:619,two-dimensional (2D) materials,
#19:610,two-stream instability phenomena,
#19:360,ultra-efficient electromagnetic interference shielding,
#19:235,ultra-thin high-k insulators,
#19:328,uniform emissivity,
#19:115,upscaled H storage systems,
#19:404,use as molecular biosensors and for medical and environmental applications,
#19:173,use of facilities and instrumentation,
#19:567,valleytronics,
#19:651,various practical applications,
#19:649,vdW heterostructures,
#19:602,vdW materials,
#19:238,vertical hot electron transistors with a graphene base,
#19:652,visible infrared region,
#19:166,vitrimer mechanical/rheological properties,
#19:165,vitrimers,
#19:107,water purification,
#19:278,water resistance,
#19:273,waterborne epoxy coatings,
#19:584,wearable applications,
#19:560,wetting,
#19:515,wood chips,
#19:180,zirconia thin films,
#19:181,zirconium,
