rid,name,formula,domain,keep_delete_edit
#10:4215,"(3,3)CrI3NT@(24,6)CNT",,
#10:4116,(Fe 0.56Co0.44)5GeTe2,,
#10:3186,(La 0.18Sr0.82)(Al0.59Ta0.41)O₃,,
#10:4227,+Dsaturation,,
#10:4225,+q,,
#10:4228,-Dsaturation,,
#10:792,-TiO2,,
#10:4226,-q,,
#10:2921,0.1 μm pore size,,
#10:1146,0.1Ti0.9O3 (BCZT/LSMO/BCZT),,
#10:526,0.84Mn,,
#10:2872,"1,3-propanediol",,
#10:2756,"1,6-hexanediamine",,
#10:2155,1-Octadecanol,,
#10:2161,1-octadecanol,,
#10:1052,1.50 W/m-K,,
#10:1061,1.52 W/m-K,,
#10:2176,100 μm,,
#10:2578,10B,,
#10:1045,115 nm,,
#10:2579,11B enriched hexagonal boron nitride,,
#10:1056,136 MW/m²-K,,
#10:1060,139 MW/m²-K,,
#10:97,14.2AlO1.5-70.1SiO2,,
#10:1051,179 MW/m²-K,,
#10:2197,1D -DLD,,
#10:1143,1D materials,,
#10:4337,1D quantum materials,,
#10:4344,1D van der Waals quantum materials,,
#10:935,1L MoS2,,
#10:877,1L-MoS2,,
#10:879,1L-MoS2/Au sample,,
#10:4146,1T-MoSe 2,,
#10:646,2+,,
#10:2875,"2,5-FDCA",,
#10:1078,2-methoxy ethanol,,
#10:2747,261,,
#10:1058,28 nm,,
#10:1049,29 nm,,
#10:2107,2D,,
#10:306,2D Materials,,
#10:3012,2D TMD,,
#10:2999,2D TMDs,,
#10:1142,2D carbon materials,,
#10:2098,2D materials,,
#10:3017,2D oxide printing from liquid metals,,
#10:3033,2D-TMDs,,
#10:3177,2DEG,,
#10:4145,2H-MoSe 2,,
#10:936,2L MoS2,,
#10:2558,2Pr,,
#10:2758,3-HPA derivable acrylic polymers,,
#10:823,3.6 nm aBN,,
#10:1054,30 nm,,
#10:1131,301,,
#10:2106,3D,,
#10:349,3D graphene,,
#10:945,3D nanostructures,,
#10:3051,3D semiconductors,,
#10:2219,3D structures,,
#10:2156,3D-printed fluidic connector,,
#10:2963,3R-MoSe2,,
#10:788,4D-STEM,,
#10:211,4p,,
#10:2483,4′-octyl-4-cyanobiphenyl,,
#10:2482,4′-pentyl-4-cyanobiphenyl,,
#10:543,"5 [32, 30] and TiFe [33]",,
#10:822,5.5 nm HfO2,,
#10:105,50:50 mol% EBC:CMAS,,
#10:4262,50x objective lens,,
#10:95,51.7SiO2,,
#10:96,6.7CaO-8.9MgO-,,
#10:824,70 nm Ni,,
#10:1048,84 nm,,
#10:98,850 °C for 10 h + 1500 °C for 1 h,,
#10:1044,88 nm,,
#10:3084,A ˜AA − 3.15◦,,
#10:3083,A ˜AB − 3.15◦,,
#10:3075,A. V. Krasheninnikov,,
#10:2082,AAM,,
#10:146,ABAQUS,,
#10:2234,ABS,,
#10:727,AC air topography tapping mode,,
#10:3077,ACS Nano,,
#10:2360,AFM,,
#10:2136,AFM images,,
#10:767,AFM micrographs,,
#10:876,ALD,,
#10:960,ALD -coated CNTs,,
#10:920,ALD In2O3,,
#10:1000,ALD ZnO,,
#10:965,ALD coatings,,
#10:994,ALD grown phase pure polycrystalline Cu 2O channel layer,,
#10:955,ALD-YIG thin films,,
#10:735,ALD-coated crystals,,
#10:958,ALD-grown AlO x,,
#10:641,AM,,
#10:2256,ATC 50-ohm ceramic chip resistors,,
#10:2301,AZ31,,
#10:2300,AZ31-B,,
#10:2828,Abengoa Spain,,
#10:2827,Abengoa USA,,
#10:701,Aerogel,,
#10:753,Ag,,
#10:764,Ag - Pt co,,
#10:1019,Ag film,,
#10:10,Ag-Cu-Ti braze alloy,,
#10:777,Ag-NPs,,
#10:771,Ag-Pt,,
#10:770,Ag-Pt NPs,,
#10:774,Ag/Pt-ZrO2 samples,,
#10:721,AgO,,
#10:709,AgOx,,
#10:711,AgOx/TiOx,,
#10:2830,Agroethanol AB,,
#10:635,Al,,
#10:781,Al 2O 3,,
#10:874,Al 2O3,,
#10:973,Al 2p,,
#10:1037,Al Ga2O3,,
#10:2553,Al capping layer,,
#10:1125,Al wire,,
#10:2547,Al(111),,
#10:213,Al-3s,,
#10:295,Al-Cu-Fe-Ni-Cr HEA,,
#10:902,Al-GaAs,,
#10:36,Al0.14N,,
#10:37,Al0.51N,,
#10:2550,Al0.68Sc0.32N,,
#10:2554,Al0.7Sc0.3N,,
#10:342,Al20Cr16Mn16Fe16Co16Ni16,,
#10:743,Al2O3,,
#10:2548,Al2O3(006),,
#10:2179,Al2O3-bearing alloys,,
#10:943,Al2O3/Si,,
#10:647,Al3+,,
#10:1152,Al3Cr3-SbO8,,
#10:2185,AlCl3,,
#10:1080,AlD-grown TiO₂,,
#10:903,AlGaAs,,
#10:3176,AlGaN,,
#10:34,AlN,,
#10:963,AlO,,
#10:911,AlO x-Cu,,
#10:2800,AlOH,,
#10:969,AlOx,,
#10:978,AlOx-coated surface,,
#10:2551,AlScN,,
#10:2081,AlSi3O8,,
#10:450,Alanates,,
#10:2140,Alloy,,
#10:289,Aluminum,,
#10:2158,Aluminum sheet,,
#10:864,AlxCo1Cr1Cu,,
#10:884,Al₂O₃,,
#10:2833,American Process Inc.,,
#10:448,AminoBoranes,,
#10:2399,Anomalous Materials,,
#10:144,Ar,,
#10:2672,As,,
#10:345,As-cast Al20Cr16Mn16Fe16Co16Ni16 high-entropy alloy (LHEA),,
#10:2649,Asylum Research Cypher,,
#10:3154,As₂Te₃,,
#10:821,Au,,
#10:4162,Au metallic electrodes,,
#10:4316,Au(111),,
#10:4313,Au(111) substrate,,
#10:942,Au-1L MoS 2,,
#10:366,Au-doped carbon nanotube,,
#10:744,Auger parameter,,
#10:530,B,,
#10:3166,B3N3H6YX,,
#10:414,BC2N nanotubes,,
#10:330,BC3,,
#10:819,BCl3,,
#10:2647,BFO,,
#10:2630,BFO/LFO,,
#10:2138,BHO content,,
#10:2213,BJ/MJ,,
#10:85,BL70,,
#10:86,BL90,,
#10:2562,BN,,
#10:2320,BNCN,,
#10:402,BNNT,,
#10:2356,BP,,
#10:2362,BP particles,,
#10:2361,BP-PMMA,,
#10:2359,BP-PVP,,
#10:1149,BPNN,,
#10:3167,BQ height (Å),,
#10:2584,BSCCO,,
#10:4126,BSE@GW,,
#10:88,"Ba 0,85Ca0,15(Zr0.1Ti0.9)O3",,
#10:248,Ba(Sr 1/3Ta2/3)O3,,
#10:1148,Ba(Zr0.35Ti0.65)O3,,
#10:1144,Ba0.85Ca0.15Zr0.1Ti0.9O3,,
#10:79,BaTi0.8Sn0.2O3,,
#10:171,BaTiO 3,,
#10:2489,BaTiO3,,
#10:2487,BaTiO₃,,
#10:440,Be,,
#10:628,Be atoms,,
#10:3,BeO,,
#10:2149,Ben Blaiszik et al.,,
#10:659,"Benzene-1,3,5-tricarbaldehyde (BTA)",,
#10:4275,Bernal QLG,,
#10:2276,Bi,,
#10:4352,Bi 2Se3,,
#10:168,Bi 4Ti 3O 12,,
#10:4310,Bi2Se3,,
#10:3014,Bi2SeO2,,
#10:3015,Bi2SeO5,,
#10:1147,Bi2Zn2/3Nb4/3O7,,
#10:2628,BiFeO3,,
#10:3053,Bilayer WSe2,,
#10:2835,BioEthanol Japan,,
#10:2837,BioFuels Energy Corp.,,
#10:2844,Bisyn®,,
#10:2383,Blends,,
#10:2569,Borides,,
#10:404,Boron Nitride,,
#10:2354,Boron Nitride Fillers,,
#10:417,Boron atoms,,
#10:451,Boronhydrides,,
#10:689,Bruker D8 diffractometers,,
#10:29,Bulk Lu2SiO5,,
#10:2635,Bulk Polycrystalline Ceria Doped Al2O3 and YAG Ceramics,,
#10:2626,C-V,,
#10:2640,C. Phase and Microstructural Analysis of Ce:Al2O3,,
#10:312,C3N,,
#10:698,C5 aerogel -like thin film,,
#10:4354,CDW,,
#10:4368,CDW in a Weyl semimetal,,
#10:4348,CDW transport,,
#10:4356,CDW velocity,,
#10:1082,CFT,,
#10:2282,CFx,,
#10:4291,CGT,,
#10:4292,CGT/FGT bilayer,,
#10:627,CH 4,,
#10:3007,CIGS5,,
#10:2442,CLCE coatings,,
#10:653,CLi,,
#10:25,CMAS,,
#10:796,CMOS-compatible antennas,,
#10:1079,CNT,,
#10:1081,CNT fibres,,
#10:4205,CNT-filled CrI3 samples,,
#10:959,CNTs,,
#10:4218,CNTs filled by single layer CrI3 nanoribbons,,
#10:424,CO,,
#10:626,CO 2,,
#10:739,CO2,,
#10:619,COF,,
#10:613,COF-1,,
#10:2286,COF-1 nanocomposites,,
#10:2292,COF-1 nanosheets,,
#10:569,COFs,,
#10:2128,CSP applications,,
#10:2121,CSP power plants,,
#10:4097,CVD-Cr5Te8,,
#10:4102,CVD-grown CrOCl nanosheets,,
#10:941,CVD-grown MoS2,,
#10:275,Ca,,
#10:245,Ca-Cr co-doped Y 3NbO7,,
#10:467,Ca19Mg8H54,,
#10:340,Ca@Gr,,
#10:2688,CaCO3,,
#10:2170,CaCl2,,
#10:2182,CaCl2-NaCl salt,,
#10:2180,CaCl2-NaCl-BaCl2,,
#10:2181,CaCl2-NaCl-BaCl2-KCl,,
#10:3109,CaCrO3,,
#10:192,CaCu 3Ti4O12,,
#10:190,CaCu3Ti4O12,,
#10:2691,CaF2,,
#10:2693,CaF₂,,
#10:2089,CaSiO3,,
#10:191,CaTiO3,,
#10:4210,Carbon Nanotube,,
#10:655,Carbon Nanotubes,,
#10:405,Carbon nanostructure,,
#10:2145,Carena Church,,
#10:2341,CdTe,,
#10:276,Ce,,
#10:2639,Ce doped YAG,,
#10:2636,Ce:Al2O3,,
#10:2637,Ce:YAG,,
#10:63,Ceramic-matrix composites,,
#10:293,Chromium,,
#10:2171,Cl,,
#10:2184,Cl4,,
#10:283,Co,,
#10:140,Co(OH)₂,,
#10:138,Co-300,,
#10:3048,Co/Pt,,
#10:1153,CoPO4,,
#10:195,Coatings,,
#10:2621,Composite sample,,
#10:290,Copper,,
#10:142,Co₃O₄,,
#10:280,Cr,,
#10:4096,Cr 2Ge2Te6,,
#10:4099,Cr 2Si2Te6,,
#10:2541,Cr coating,,
#10:2540,Cr lamella,,
#10:2652,"Cr-Au coated Si tip (NSC36, MikroMasch)",,
#10:2064,Cr/Au (4 nm/20 nm),,
#10:2998,Cr1.6Te2,,
#10:4098,Cr2Ge2Te6,,
#10:4120,CrBr3,,
#10:4117,CrCl 3,,
#10:2585,CrCl3,,
#10:4125,CrCl₃,,
#10:1179,CrI 3,,
#10:4207,CrI 3 ribbons,,
#10:4206,CrI 3 tubes,,
#10:4217,CrI 3NT@CNT,,
#10:3024,CrI3,,
#10:4212,CrI3 SWNT,,
#10:4204,CrI3 nanotubes,,
#10:4202,CrI3 single-walled nanotubes,,
#10:4211,CrI3-C,,
#10:4201,CrI₃ nanotubes,,
#10:3110,CrO,,
#10:4101,CrOCl,,
#10:4264,CrPS 4/(O-FGT)/Fe3GeTe2,,
#10:4265,CrPS 4/Fe3GeTe2,,
#10:2966,CrPS4,,
#10:4308,CrSX,,
#10:442,CrY,,
#10:4307,CrYX,,
#10:443,CrZr,,
#10:927,Cric substrates,,
#10:2692,Cryogenic temperatures,,
#10:3193,Crystal Graphene Wafer,,
#10:483,Cr₂O₃,,
#10:284,Cu,,
#10:2065,Cu -BHT films,,
#10:989,Cu 2O,,
#10:1030,Cu catalyst foils,,
#10:135,Cu porphyry ore deposit,,
#10:523,Cu0,,
#10:524,Cu2,,
#10:992,Cu2O,,
#10:525,Cu4,,
#10:1018,CuI,,
#10:486,CuO,,
#10:2291,DBA molecules,,
#10:2062,DC and AC Hall effects,,
#10:2710,DCM,,
#10:2217,DED,,
#10:2565,DFPT,,
#10:2905,DFT + U approach,,
#10:2206,DIW LTO/LFP,,
#10:2205,DIW LTO/LFP/rGO,,
#10:2581,DLaTGS detector,,
#10:2468,DMA Bose Electroforce 3200,,
#10:886,DMAI,,
#10:738,DNA origami crystals,,
#10:2782,DPA,,
#10:30,Delamination,,
#10:4222,Dext,,
#10:1008,Di-tert-butyl sulﬁde (DTBS),,
#10:1038,Diamond,,
#10:2328,Diamond-machined mirror -like aluminum bulk substrates,,
#10:4175,Dirac-Rashba fermions,,
#10:2896,Diselenide(MoSe2),,
#10:4223,Dp,,
#10:2536,Dual-puck holder stage baseplate,,
#10:2415,EA20+,,
#10:2416,EA20-,,
#10:22,EBC material,,
#10:3159,EBSD,,
#10:881,"EDS maps of Mo (b), S (c), Au (d)",,
#10:2224,EESD,,
#10:2230,EESDs,,
#10:2108,EESS,,
#10:1014,EG,,
#10:1015,EG regions,,
#10:869,EM images,,
#10:2631,Earth's interior,,
#10:2559,Ec,,
#10:2542,Electrolyte-electrode,,
#10:2304,Electrolytes,,
#10:2058,Electronic band structure,,
#10:234,Engine,,
#10:90,Environmental barrier coatings,,
#10:2516,Er-doped III-nitride materials,,
#10:21,Er2O3,,
#10:2675,Er:O,,
#10:2144,Erin Antono,,
#10:768,Erred atoms,,
#10:2497,Eu,,
#10:4182,EuCd2As2,,
#10:2142,EuCl3,,
#10:2513,EuN,,
#10:27,Experiment CMAS: 0.57  0.06,,
#10:28,Experiment Lu2SiO5: 1.26  0.11,,
#10:2475,Extreme-Temperature Functionality,,
#10:2405,F,,
#10:1034,"F 48,55,56",,
#10:2083,FA,,
#10:4109,FCGT,,
#10:687,FEG-SEM,,
#10:4159,FGT,,
#10:4293,FGT device,,
#10:4165,FGT flake (HQ graphene),,
#10:4160,FGT flakes,,
#10:4110,FGaT,,
#10:4111,FGaT flakes,,
#10:4321,FLG,,
#10:828,FTO,,
#10:282,Fe,,
#10:953,Fe 2O3,,
#10:4269,Fe 3GeTe2,,
#10:4286,Fe 3GeTe2 (FGT),,
#10:1154,Fe(CoO3)2,,
#10:4158,Fe3GeTe2,,
#10:4267,Fe3O4,,
#10:348,FeCoNi nanoparticles,,
#10:513,FeH6,,
#10:1155,FeNi3(PO4)4,,
#10:4268,FeO,,
#10:502,FeS2,,
#10:206,Fermi level,,
#10:2620,Few-layer graphene,,
#10:485,Fe₃O₄,,
#10:2267,Field Emission  Scanning Electron Microscope,,
#10:247,Fig.1 (a) parallelepiped supercell,,
#10:897,FlexAL™ ALD,,
#10:2159,Fluid flow path,,
#10:3047,Friedrich Schiller University Jena,,
#10:2744,Furan,,
#10:2746,Furfuryl alcohol,,
#10:2745,Furfuryl methacrylate,,
#10:2748,Furfuryl oxirane,,
#10:2314,FvRu2(CO)4 molecule,,
#10:226,G,,
#10:4261,G/InSe HS,,
#10:2803,GC,,
#10:3169,GDY networks,,
#10:3002,GGA,,
#10:2084,GGBFS,,
#10:2807,GLA,,
#10:3170,GNRs,,
#10:2053,GO,,
#10:577,GO laminated films,,
#10:286,Ga,,
#10:1062,Ga 2O3,,
#10:972,Ga 3d,,
#10:1055,Ga-rich,,
#10:1063,Ga2O3,,
#10:1041,Ga2O3-C,,
#10:901,GaAs,,
#10:909,GaAs/AlGaAs nanopillars,,
#10:852,GaN,,
#10:974,GaN/ML AlOx,,
#10:976,GaN/ML AlOx/PA,,
#10:977,GaN/ML AlOx/PA-1,,
#10:975,GaN/ML AlOx/PA-C11-OH,,
#10:3056,GaP,,
#10:3050,GaP(111),,
#10:3055,GaP(111)B,,
#10:3155,GaTe,,
#10:3160,Gallium ions,,
#10:2510,"Gd,Nd",,
#10:2509,"Gd,Sm",,
#10:115,Gd2(ZrxTi1−x)2O7,,
#10:243,Gd2Zr2O7,,
#10:2506,GdN,,
#10:2490,GdScO3,,
#10:1091,Ge,,
#10:2587,GeBi2Te4,,
#10:1022,GeO₂,,
#10:4167,Gel-pak,,
#10:685,Gemini 300 microscope,,
#10:755,Glass,,
#10:4129,Gr,,
#10:3168,Graphdiynes (GDYs),,
#10:2113,Graphene,,
#10:4297,Graphene (Gr),,
#10:688,Graze-incidence X-ray diffraction,,
#10:2644,H,,
#10:623,H 2,,
#10:4178,H-TMD monolayers,,
#10:507,H2,,
#10:600,H2 storage applications,,
#10:3113,H2Ar,,
#10:422,H2O,,
#10:1010,H2S,,
#10:3009,H2Se WSe2,,
#10:918,H3)3In (TMIn),,
#10:1033,HAADF,,
#10:882,HAADF mode,,
#10:836,HAADF-STEM image,,
#10:343,HEA,,
#10:579,HI-RGO,,
#10:582,HI-ROGO,,
#10:2597,"HORIBA JOBIN VYON make, model LabRAM HR (UV) system",,
#10:389,HP 3488A switch/control unit,,
#10:2299,HP Mg,,
#10:2297,HP-Mg,,
#10:4255,HQ Graphene,,
#10:983,HS1,,
#10:986,HS1 (1000),,
#10:984,HS2,,
#10:4133,HSTs,,
#10:930,HZO,,
#10:996,HeCd laser,,
#10:344,Hea,,
#10:2060,Helios FIB-SEM,,
#10:2598,Helium cryostat,,
#10:441,Hf,,
#10:233,Hf3PB4,,
#10:875,HfO 2,,
#10:19,HfO2,,
#10:923,HfO2/1 nm Al2O3,,
#10:885,HfO₂,,
#10:4107,High-Quality 2D Material Transfer System,,
#10:2650,IGOR PRO 6.12A,,
#10:3079,IGS,,
#10:141,II,,
#10:900,III-V materials,,
#10:899,III-V on silicon materials,,
#10:2203,IJP Ag NPs,,
#10:2204,IJP rGo/LTO/NCA,,
#10:2132,ILs,,
#10:2910,IPA/DI,,
#10:2769,IT A,,
#10:137,ITO,,
#10:778,ITanium nitride,,
#10:916,In2O3,,
#10:4283,In2Se3,,
#10:9,InSe,,
#10:1128,Inconel 600,,
#10:4238,Intrinsic atomic defects,,
#10:894,Ir,,
#10:4256,Ir(110),,
#10:737,Ir-O2-coated DNA crystals,,
#10:742,Iridium,,
#10:291,Iron,,
#10:865,J. Alloys Compd.,,
#10:866,J. Gubicza,,
#10:3107,Janus V2SeTeO,,
#10:4311,Janus crystals,,
#10:4239,Janus family,,
#10:4303,Janus magnet Cr-based dichalcogenide halides,,
#10:4237,Janus transition metal dichalcogenides,,
#10:3118,Janus variants,,
#10:2836,Japan Wood construction waste,,
#10:2147,Julia Ling,,
#10:225,K,,
#10:2995,K',,
#10:339,K@Gr,,
#10:2580,KBr,,
#10:2125,KCl,,
#10:26,KIc (MPam),,
#10:388,Keithley 2001 mutlimeter,,
#10:387,Keithley 2400 source/meter,,
#10:3153,Kikuchi pattern,,
#10:3093,Kirigami graphene,,
#10:11,Kovar metal,,
#10:2787,Kraton Polymers Company,,
#10:1088,L a0.67Sr0.33MnO3/PZO/Pt,,
#10:336,LAMMPS,,
#10:3188,LAO,,
#10:2444,LCEs,,
#10:80,LCMO,,
#10:2530,LCTEM holder,,
#10:801,LD-deposited TiN films,,
#10:3001,LDA,,
#10:2212,LFP,,
#10:2594,LHA,,
#10:2589,LHO layer,,
#10:803,LHe,,
#10:162,LNN,,
#10:65,LPS,,
#10:68,LPS materials,,
#10:2683,LSMs,,
#10:2210,LTO,,
#10:112,LZO,,
#10:2275,La,,
#10:81,La0.5Ca0.5MnO3,,
#10:1145,La0.8Sr0.2MnO3,,
#10:244,La2Ce2O7,,
#10:104,La2Si2O5,,
#10:102,La2SiO5,,
#10:111,La2Ti2-xZrxO7,,
#10:109,La2Ti2O7,,
#10:110,La2Zr2O7,,
#10:114,La2ZrTiO7,,
#10:3185,LaAlO₃,,
#10:2568,LaB6,,
#10:2680,LaBi,,
#10:2629,LaFeO3,,
#10:2595,LaHf,,
#10:103,LaMS,,
#10:267,LaMg2H7,,
#10:257,LaMg₂H7,,
#10:256,LaMg₂H₇,,
#10:3108,LaMnO3,,
#10:297,LaNi5,,
#10:2679,LaSb,,
#10:2841,Lactic acid (Vicryl®),,
#10:2599,Lake Shore temperature controller,,
#10:868,Laser,,
#10:921,Lch,,
#10:346,Leached Al20Cr16Mn16Fe16Co16Ni16 high-entropy alloy (LHEA),,
#10:2270,Lead-free dielectric,,
#10:163,Li,,
#10:2623,Li 1s core-hole energies,,
#10:2319,Li 3BN2,,
#10:640,Li doped boron sheet,,
#10:53,Li-Fe 1 – 3,,
#10:2231,Li-battery electrodes,,
#10:331,Li-decorated BC3 nanopores,,
#10:310,Li-decorated C4N monolayers,,
#10:2222,Li-ion batteries,,
#10:2242,Li-ion/Na-ion batteries,,
#10:1156,Li2Mn3SbO8,,
#10:69,Li2S,,
#10:71,Li2S-P2S5,,
#10:1157,Li3(NiO2)5,,
#10:1158,Li3Cr2CoO6,,
#10:1159,Li3Ti2Co3O10,,
#10:1160,Li3TiMn2O6,,
#10:551,Li6C60,,
#10:77,Li7P3S11,,
#10:74,Li7PS6,,
#10:337,Li@Gr,,
#10:2211,LiAlO 2-PEO membrane,,
#10:299,LiB H4,,
#10:505,LiBH4,,
#10:2339,LiC6,,
#10:2338,LiCoO2,,
#10:1151,LiCuO,,
#10:51,LiFe5O8,,
#10:503,LiH,,
#10:2340,LiMn2O4,,
#10:2689,LiNbO3,,
#10:78,LiPS3,,
#10:2544,Lift out,,
#10:2869,Lignol,,
#10:2535,Liquid cell Transmission Electron Microscopy system,,
#10:2117,Lithium Cobalt Oxide,,
#10:66,Lithium thiophosphates (LPS),,
#10:2279,LixCoO2,,
#10:2560,Low T,,
#10:58,Lu2Si2O7,,
#10:24,Lu2SiO5,,
#10:3076,M. Batzill,,
#10:859,M1.Sx,,
#10:860,M2.Sx,,
#10:232,M3GaB2,,
#10:201,MAX phase family,,
#10:4327,MBT,,
#10:1098,MCrAlY,,
#10:672,MD simulations,,
#10:2529,MEMs chip,,
#10:2534,MEMs chips,,
#10:815,ML MoS 2,,
#10:1025,MLG,,
#10:3129,MOCVD-grown MoS 2,,
#10:740,MOF-24,,
#10:741,MOF-5,,
#10:609,MOF-5/IRMOF-1,,
#10:610,MOF-6,,
#10:611,MOF-8,,
#10:568,MOFs,,
#10:2564,MPS3 family,,
#10:2996,MTB,,
#10:2202,MWCNT,,
#10:2315,MWCNTs,,
#10:4340,MX 3,,
#10:1162,MXene,,
#10:1169,MXenes,,
#10:2100,MXenes30,,
#10:452,Magnesium cluster intercalation,,
#10:449,Magnesium hydride,,
#10:536,Magnesium hydride (MgH2),,
#10:2886,Magnetic field value,,
#10:2871,Mascoma,,
#10:8,Materials Discovery,,
#10:2146,Maxwell Hutchinson,,
#10:143,Mg,,
#10:455,Mg 2FeH6,,
#10:454,Mg 2NiH4,,
#10:456,Mg 3MnH7,,
#10:782,Mg O,,
#10:466,Mg nanofibres,,
#10:508,Mg- and Fe-metal powder,,
#10:2096,Mg-51%Zn alloy,,
#10:453,Mg-Based Hydrides,,
#10:473,Mg-Carbonaceous material composites,,
#10:514,Mg2FeH6,,
#10:2169,MgCl,,
#10:2126,MgCl2,,
#10:506,MgH,,
#10:478,MgH 2-Fe,,
#10:480,MgH 2-Mn,,
#10:479,MgH 2-Ni,,
#10:477,MgH 2-Ti,,
#10:476,MgH 2-V,,
#10:298,MgH2,,
#10:1069,MgO,,
#10:2093,MgZn,,
#10:2543,Milling,,
#10:287,Mm (mischmetal),,
#10:281,Mn,,
#10:4100,Mn 3Si2Te6,,
#10:3036,Mn PSe3,,
#10:4329,MnBi2Te4,,
#10:4325,MnBi2Te4 layer,,
#10:4322,MnBi2Te4/Cr2Ge2Te6,,
#10:4230,MnPS,,
#10:4231,MnPS3,,
#10:4233,MnPS3/Fe3GeTe2,,
#10:484,Mn₂O₃,,
#10:178,Mo,,
#10:205,Mo 2Nb2AlC3,,
#10:230,Mo 2Ta2AlC3,,
#10:204,Mo 2Ti2AlC3,,
#10:231,Mo 2Zr2AlC3,,
#10:208,Mo-5s,,
#10:214,Mo2A2AlC3,,
#10:229,Mo2Nb2AlC3,,
#10:202,Mo2ScAlC2,,
#10:223,Mo2Ta2AlC3,,
#10:203,Mo2TiAlC2,,
#10:221,Mo2V2AlC3,,
#10:220,Mo2VAlC2,,
#10:228,Mo2Zr2AlC3,,
#10:1027,MoC x ALD,,
#10:1028,MoC x film,,
#10:1026,MoC x thin films,,
#10:4119,MoCl 3,,
#10:4124,MoCl3,,
#10:3161,MoO3,,
#10:2960,MoQ2,,
#10:4174,MoS,,
#10:812,MoS 2,,
#10:2906,MoS 2/V2O5 heterostructures,,
#10:6,MoS2,,
#10:2977,MoS2 nanotubes,,
#10:3115,MoSSe,,
#10:4240,MoSSe/AlNheterostructures,,
#10:4250,MoSSe/g-AlN,,
#10:4320,MoSe,,
#10:2903,MoSe 2,,
#10:938,MoSe2,,
#10:2344,MoSe2 nanodots,,
#10:2345,MoSe2 nanosheets,,
#10:872,MoS₂,,
#10:3052,MoTe 2,,
#10:3063,MoTe2,,
#10:4279,Moiré surface states,,
#10:181,Molybdenum,,
#10:2895,Molybdenum Disulfide (MoS2),,
#10:2964,Molybdenum dichalcogenides,,
#10:179,Molydenum matrix,,
#10:2168,Monocarbide (NbC),,
#10:2842,Monocryl®,,
#10:2899,Mose 2,,
#10:2900,Mots 2,,
#10:218,Mo₂A 2AlC3,,
#10:219,Mo₂Ti2AlC3,,
#10:270,Mt,,
#10:2411,Mullins eﬀect,,
#10:624,N 2,,
#10:1046,N/A,,
#10:919,N2,,
#10:820,NH3,,
#10:2911,NMP,,
#10:2926,NMP-exfoliated samples,,
#10:2137,NNO-xBHO thin films,,
#10:2678,NV diamonds,,
#10:2251,NVO structure,,
#10:164,Na,,
#10:2249,Na 0.4334(9),,
#10:2245,Na 0.4V4O10,,
#10:2248,Na 0.6345(9),,
#10:2243,Na 0.66V4O10,,
#10:2246,Na 0.6V4O10,,
#10:2247,Na 0.8156(10),,
#10:2250,Na(x−1)V4O10,,
#10:2771,"Na, Ca or Zn carboxylates",,
#10:316,Na-decorated P-C3N,,
#10:2278,Na0.5-xKxBi0.5-LaxTiO3,,
#10:550,Na6C60,,
#10:338,Na@Gr,,
#10:317,Na@P-C 3N,,
#10:309,Na@P-C3N,,
#10:2124,NaCl,,
#10:4148,NaCl (pressure),,
#10:504,NaH,,
#10:2476,NaOH (chloroform),,
#10:7,Natural Language,,
#10:2241,NaxV2O5,,
#10:216,Nb,,
#10:487,Nb 2O5,,
#10:4333,Nb 2Se9,,
#10:210,Nb-5s,,
#10:2329,Nb2O5,,
#10:327,Nb90Mo10,,
#10:42,NbC,,
#10:493,NbF5,,
#10:165,NbO3,,
#10:4118,NbOCl 2,,
#10:4123,NbOCl2,,
#10:4342,NbS,,
#10:4358,NbSe 3,,
#10:2586,NbSe2,,
#10:2511,Nd,,
#10:2641,Nd:Al2O3,,
#10:347,Ni,,
#10:491,Ni catalysts,,
#10:2165,Ni50.28Ti49.36,,
#10:2166,Ni50.31Ti49.32,,
#10:2167,Ni50.41Ti49.20,,
#10:1094,NiCoCrAlYTa-coated single-crystal superalloy CMSX-4,,
#10:948,NiFe,,
#10:332,NiH,,
#10:691,NiO,,
#10:2183,NiO-saturated CaCl2-NaCl salt,,
#10:4343,NiO2,,
#10:2154,NiTi,,
#10:2151,NiTi alloys,,
#10:2162,NiTi module,,
#10:2150,NiTi shape memory alloys (SMAs),,
#10:2153,NiTi sheet,,
#10:2160,NiTi sheet1-Octadecanol,,
#10:2252,NiTi-based shape memory alloy SMAs,,
#10:292,Nickel,,
#10:43,Niobium,,
#10:2118,Niobium Cobalt Aluminium Oxides,,
#10:2066,"Niobium tungsten oxide (NTO), Molybdenum vanadium oxide (MoVO)",,
#10:2324,Niobium-based a morphous alloy,,
#10:2570,Nitrides,,
#10:416,Nitrogen atoms,,
#10:2968,Nitto tape,,
#10:2396,Nonlocal Models,,
#10:696,Nuclear Reaction Analysis (NRA),,
#10:2349,N’-Methylenebisacrylamide,,
#10:426,O,,
#10:625,O 2,,
#10:2904,O vacancy,,
#10:4266,O-FGT,,
#10:1059,O-rich,,
#10:423,O2,,
#10:654,OLi,,
#10:4103,OM image,,
#10:3057,OSO,,
#10:3058,OSO1,,
#10:4241,OSSe/AlN heterostructures,,
#10:237,Optical Absorption,,
#10:605,Organic balls,,
#10:2061,Oxford Instruments EDS detector,,
#10:726,Oxygen,,
#10:304,P-C3N,,
#10:70,P2S5,,
#10:2133,PA cell,,
#10:2761,PA-3 polymers,,
#10:2346,PAAm,,
#10:303,PANI layer,,
#10:2214,PBF,,
#10:2402,PBS,,
#10:674,PC bond,,
#10:2749,PCL,,
#10:2970,PDMS,,
#10:4166,PDMS film,,
#10:804,PEALD TiN,,
#10:1029,PEALDMoC x,,
#10:585,PET,,
#10:578,PET film,,
#10:2653,PFM switching spectroscopy (PFS),,
#10:2838,PGA,,
#10:2856,PHA,,
#10:1065,PIXcel detector,,
#10:2866,PL,,
#10:2601,PL spectra,,
#10:2235,PLA,,
#10:170,PLZT,,
#10:2358,PMMA,,
#10:2316,PP) and poly{diimidazo pyridinylene(dihydroxy) phenylene} ( PIPD),,
#10:658,PPG,,
#10:2332,PTFE cup,,
#10:2393,PUa,,
#10:2394,PUa-xGnP,,
#10:2845,PVC,,
#10:2919,PVDF,,
#10:2201,PVP,,
#10:2363,PVP particles,,
#10:1084,PZO film,,
#10:169,PZT,,
#10:563,Palladium,,
#10:1089,Pb(Zr 0.52Ti0.48)O3 (PZT),,
#10:1083,Pb(Zr0.52Ti0.48)O3,,
#10:2611,Pb2V2O7,,
#10:501,PbO2,,
#10:371,Pd,,
#10:372,Pd alloys,,
#10:557,Pd shell,,
#10:4259,Pd(110),,
#10:391,Pd-based alloys,,
#10:4108,PdSe2,,
#10:2752,Perlon,,
#10:2502,Photoresist,,
#10:447,Physisorption,,
#10:686,Pioneer Two system (Raith),,
#10:3046,Plastira 100,,
#10:438,Plat. Cap. Hys.,,
#10:439,Pois.,,
#10:2303,Polar materials,,
#10:2840,Polysorb®,,
#10:15,Porosity (micro -structure property),,
#10:2512,PrN,,
#10:238,Propulsion,,
#10:752,Pt,,
#10:1100,"Pt (a, b), Ru (c, d), Pt-Ru (e, f)",,
#10:533,Pt nanoparticles,,
#10:186,Pt wire,,
#10:4258,Pt(110),,
#10:776,Pt-NPs,,
#10:1093,Pt-Ru,,
#10:773,Pt-ZrO2,,
#10:766,Pt-ZrO2 samples,,
#10:757,Pt/Ag-Pt,,
#10:2681,PtSn4,,
#10:180,Pure molydenum,,
#10:4200,Py film,,
#10:194,Pyrochlore,,
#10:4274,QLG,,
#10:469,RBM,,
#10:2266,RDX,,
#10:457,RE,,
#10:459,RE2Mg17,,
#10:61,RE2Si2O7,,
#10:460,REH3,,
#10:458,REMg12,,
#10:1090,RFE,,
#10:580,RGO films,,
#10:3059,RHEED,,
#10:2519,RN Materials,,
#10:834,RPAVD,,
#10:2981,Raman,,
#10:4104,Raman modes,,
#10:878,Raman spectra,,
#10:3061,Raman spectroscopy,,
#10:193,Rare-Earth,,
#10:3156,ReSe₂,,
#10:4260,Rh(110),,
#10:3049,Rhombohedral-stacked Bilayer WSe2,,
#10:593,Rietveld analysis,,
#10:2504,Room-temperature,,
#10:1092,Ru,,
#10:730,Ru metal,,
#10:724,Ru(EtCp)2,,
#10:2382,Rubber,,
#10:2157,Rubber gasket,,
#10:2709,Ruthenium initiator,,
#10:725,Ruthenium precursor (Strem chemicals Inc),,
#10:695,Rutherford Backscattering Spectroscopy (RBS),,
#10:731,Rutile RuO2,,
#10:760,S1: ZrO2,,
#10:761,S2-S4: ZrO2/Pt,,
#10:172,SBN,,
#10:2660,SEM,,
#10:358,SEM-EDX,,
#10:2216,SL,,
#10:2208,SLA LTO/LFP,,
#10:2207,SLA NiSn/LMO,,
#10:2209,SLA Pyrolized,,
#10:4193,SLG/WS 2 heterostructure,,
#10:2770,SM,,
#10:4244,SMoSe/g-AlN,,
#10:2646,SNAP,,
#10:889,SOL #2,,
#10:2331,SP probe in-liquid,,
#10:2651,SPM control softw,,
#10:2676,SQCRAMscope,,
#10:2677,SQUIDs,,
#10:2648,SRO,,
#10:3008,SS-Se,,
#10:1035,STEM data,,
#10:2472,STEM imaging,,
#10:4317,STM imaging,,
#10:2311,STM tip,,
#10:4318,STML,,
#10:3187,STO,,
#10:1043,Samp1,,
#10:1047,Samp2,,
#10:1053,Samp3,,
#10:1057,Samp4,,
#10:277,Sc,,
#10:57,Sc2Si2O7,,
#10:311,Sc3N2 MXene,,
#10:642,ScAl0.8Mg0.2,,
#10:2458,Schallamach waves,,
#10:2148,Sean Paradiso,,
#10:2439,Shape Memory Alloys,,
#10:2438,Shape Memory Materials,,
#10:754,Si,,
#10:604,Si atom,,
#10:887,Si material,,
#10:2538,Si microarray coupon,,
#10:844,Si(100),,
#10:1074,Si(100) substrates,,
#10:888,Si-O-C,,
#10:4161,Si/SiO2 substrates,,
#10:1,SiC,,
#10:157,SiC fibers,,
#10:62,SiC-Matrix Composite Mate-rials,,
#10:150,SiC/MAS-L,,
#10:4,SiC/SiC,,
#10:89,SiC/SiC ceramic matrix composites,,
#10:155,SiC/[Si-B-C] composites,,
#10:2,SiN,,
#10:2885,SiO 2/Si,,
#10:584,SiO2,,
#10:4194,SiO2 substrate,,
#10:722,SiOx,,
#10:581,SiO₂,,
#10:4170,Silicon,,
#10:2668,Silicon Nitride,,
#10:2507,SmN,,
#10:2496,SmNiO₂,,
#10:2673,Sn,,
#10:2186,SnCl4,,
#10:558,SnO2,,
#10:2952,SnS,,
#10:2498,Sr,,
#10:759,Sr. No.,,
#10:249,SrCeO3,,
#10:87,SrFe 12O19,,
#10:3184,SrTiO₃,,
#10:2711,Stirrer bar,,
#10:2258,Stratasys FDM Titan,,
#10:2141,Structural materials,,
#10:2397,Subsurface Transport,,
#10:1039,Surface treatment,,
#10:2894,Suspended MoS2 Nan osheets,,
#10:2831,Sweden,,
#10:113,T-LZO,,
#10:1040,TBC,,
#10:1042,TBD,,
#10:357,TEM,,
#10:880,TEM analysis of the monolayer MoS2 membrane,,
#10:837,TEM image,,
#10:987,TEM images,,
#10:966,TEM29-31,,
#10:2342,TFSCs,,
#10:2505,TLS defect,,
#10:896,TMA,,
#10:3125,TMD,,
#10:1006,TMD C films,,
#10:811,TMD surfaces,,
#10:4252,TMD/graphene system,,
#10:4134,TMDC mononlayer,,
#10:867,TMDCs,,
#10:2561,TMDs,,
#10:4336,TMT,,
#10:4367,TMTs,,
#10:783,TNT,,
#10:2429,TPU,,
#10:2431,TPU_HARD,,
#10:2432,TPU_SOFT,,
#10:2430,TPU_XTAL,,
#10:217,Ta,,
#10:2491,Ta 2C,,
#10:2622,Ta absorber films,,
#10:212,Ta-6s,,
#10:2666,TaB₂,,
#10:40,TaC,,
#10:20,TaO2,,
#10:4335,TaSe 3,,
#10:4332,TaSe3,,
#10:4334,TaSe4,,
#10:425,Tantalum,,
#10:922,Tch,,
#10:2059,Temperature-dependent carrier concentrations,,
#10:2381,Tethered Ligands,,
#10:235,Thermal Barrier Coating,,
#10:236,Thermal Radiation,,
#10:4236,Thermo Scientific Velox,,
#10:2556,Thicknes,,
#10:278,Ti,,
#10:4164,Ti (2 nm)/Au (11 nm) prepatterned electrodes,,
#10:4197,Ti (30 nm)/Au (5 nm) strips,,
#10:1161,Ti 3C2Tx,,
#10:381,Ti atomic deposition,,
#10:717,Ti+Ag,,
#10:529,Ti-Fe-Mn alloy with Cu and Y as additives,,
#10:636,Ti-doped material,,
#10:2934,Ti/Al/Ti/Au,,
#10:363,Ti0.24-V0.17-Zr0.17-Co0.17-Fe0.08-Mn0.17,,
#10:362,Ti0.24V0.17Zr0.17Mn0.17Co0.17Fe0.08HEA,,
#10:429,Ti1.10Fe0.80Mn0.20,,
#10:2129,Ti2CTx,,
#10:2131,Ti3AlC2,,
#10:2130,Ti3C2Tx,,
#10:1163,Ti3C2Tx flakes,,
#10:538,Ti4+ substituted MgH2,,
#10:329,Ti40Nb50Mo10,,
#10:328,Ti40Nb60,,
#10:326,Ti90Mo10,,
#10:325,Ti90Nb10,,
#10:4220,Ti:Sapphire laser,,
#10:2670,TiB2,,
#10:2659,TiB₂,,
#10:177,TiC,,
#10:492,TiF3,,
#10:420,TiFe,,
#10:435,TiFe0.83Mn0.25,,
#10:528,TiFe0.86Mn0.1Y0.1−xCux,,
#10:521,TiFe0.88-xMn0.02Cux,,
#10:522,TiFe0.88-xMn0.04Cux,,
#10:434,TiFe0.94Mn0.10,,
#10:421,TiFe2,,
#10:383,TiFeMn alloy,,
#10:384,TiFeMn powder,,
#10:430,TiFeMn0.04,,
#10:431,TiFeMn0.05,,
#10:432,TiFeMn0.08,,
#10:433,TiFeMn0.13,,
#10:780,TiN,,
#10:2596,TiN/Si,,
#10:500,TiO2,,
#10:2277,TiO3,,
#10:710,TiOx,,
#10:481,TiO₂,,
#10:832,TiO₂ aerogel,,
#10:835,TiPc plasma polymer and TiO2 aerogel-like films,,
#10:2889,TiS2,,
#10:4366,TiS3,,
#10:35,TiVZrNbHf,,
#10:38,TiVZrNbHfTa,,
#10:39,TiVZrNbHfW,,
#10:136,Tibet,,
#10:537,Titanium,,
#10:2667,Titanium Diboride,,
#10:2657,Titanium diboride,,
#10:2669,Titanium disilicide,,
#10:2067,Titanium α- and near-α alloys,,
#10:596,Ti–Cr–V–Fe,,
#10:594,Ti–V–Cr,,
#10:595,Ti–V–Mn,,
#10:535,Tm,,
#10:60,Tm2Si2O7,,
#10:2514,TmN,,
#10:2577,TmVO4,,
#10:932,Toray paper (g),,
#10:708,Trapped Electron,,
#10:707,Trapped Hole,,
#10:2843,Trimethylcarbonate (Maxon®),,
#10:2325,Tungsten,,
#10:2901,Tungsten diselenide,,
#10:2398,Turbulent Flows,,
#10:1137,Two-dimensional carbon allotrope,,
#10:2263,U2N3,,
#10:2069,UFG titanium alloys,,
#10:2658,UHTCs,,
#10:2260,UN,,
#10:2262,UO2,,
#10:2261,UO2 nanocrystalline thin films,,
#10:2310,UV radiation,,
#10:1050,Ultra-clean,,
#10:2501,Ultra-high-purity HEMEX sapphire,,
#10:2474,Ultralight High-Entropy Nanowire Scaffolds,,
#10:3045,University of Chemistry and Technology,,
#10:279,V,,
#10:377,V 111,,
#10:378,V 221,,
#10:697,V 2O5,,
#10:2945,V 2O5/WO3,,
#10:2937,V 2O5/WO3 thin ﬁlms,,
#10:588,V 55Ti21Cr17Fe7,,
#10:4131,V-doped MoS2,,
#10:4132,V-doped MoS2/Gr heterostructures,,
#10:4130,V-doped TMDCs,,
#10:4127,V0.02Mo0.98S2,,
#10:4128,V0.04Mo0.96S2,,
#10:700,V2O5,,
#10:3106,V2Se2O,,
#10:589,V55Ti21Mn17Fe7,,
#10:590,V55Ti21X17Fe7,,
#10:2215,VAT-P,,
#10:3085,VB1,,
#10:3086,VB2,,
#10:583,VC-ROGO,,
#10:3099,VMM1/2,,
#10:699,VO2,,
#10:4221,Vbg,,
#10:4235,Velox,,
#10:2870,Verenium,,
#10:2467,Veriflex,,
#10:2839,Vicryl®,,
#10:4224,Vtg,,
#10:482,V₂O₅,,
#10:4156,V−B centers,,
#10:1004,W,,
#10:2915,W atoms,,
#10:1007,W(CO)6,,
#10:2891,W0.95Nb0.05Se₂-yTey,,
#10:1150,WNN,,
#10:690,WO3,,
#10:1009,WS 2,,
#10:2924,WS e2 nanosheets,,
#10:937,WS2,,
#10:4183,WSM,,
#10:2682,WSMs,,
#10:3116,WSSe,,
#10:2883,WSe 2,,
#10:2887,WSe 2 monolayer,,
#10:2908,WSe 2 nanosheets,,
#10:939,WSe2,,
#10:2909,WSe2 nanosheets,,
#10:2902,WSe2-x,,
#10:2890,WSe₂,,
#10:3064,WTe2,,
#10:4299,Wave Plate,,
#10:2503,Wavelength,,
#10:2829,Wheat,,
#10:606,White,,
#10:2834,Woody biomass,,
#10:2925,W–O bond features,,
#10:4364,X -band (8.2 GHz – 12.4 GHz),,
#10:2954,X-X'(Y-Y'),,
#10:2661,X-ray diffraction,,
#10:2684,X-ray patterns,,
#10:924,X-ray photoelectron spectroscopy,,
#10:591,X-ray results,,
#10:660,X-ray scattering data,,
#10:2923,X-ray transparent Kapton tape,,
#10:139,X20CoCrWMo10-9,,
#10:829,XOP Glass,,
#10:991,XPS,,
#10:145,XPS Spectroscopy,,
#10:839,XPS database,,
#10:356,XRD,,
#10:592,XRD patterns,,
#10:2539,Xe ion beam,,
#10:3135,Xenes,,
#10:224,Y,,
#10:3074,Y. Ma,,
#10:3071,Y105°,,
#10:3072,Y120°,,
#10:3073,Y150°,,
#10:3067,Y30°,,
#10:3068,Y60°,,
#10:3069,Y75°,,
#10:3070,Y90°,,
#10:2638,YAG,,
#10:954,YIG,,
#10:197,YSZ,,
#10:2687,YVO4,,
#10:2832,Yard and citrus wastes,,
#10:94,Yb-doped CaAl2Si2O8,,
#10:59,Yb2Si2O7,,
#10:92,Yb2SiO5,,
#10:100,YbDS,,
#10:93,YbMS,,
#10:101,YbMS powders,,
#10:2515,YbN,,
#10:250,Yttria-stabilized zirconia,,
#10:285,Zn,,
#10:2567,Zn-containing compounds,,
#10:607,Zn4(m4-O)(CO2)8 SBUs,,
#10:998,ZnO,,
#10:2605,ZnO films,,
#10:997,ZnO/p -Si heterojunctions,,
#10:2566,ZnPS 3,,
#10:2563,ZnPS3,,
#10:215,Zr,,
#10:209,Zr-5s,,
#10:2645,ZrB 2,,
#10:2665,ZrB₂,,
#10:41,ZrC,,
#10:548,ZrCo 2,,
#10:545,ZrCr 2,,
#10:494,ZrF4,,
#10:547,ZrFe 2,,
#10:546,ZrMn 2,,
#10:18,ZrO2,,
#10:765,ZrO2 thin films,,
#10:4339,ZrTe3,,
#10:544,ZrV,,
#10:751,[Al(O)n−m(OH)m] NNCS variant,,
#10:2172,a,,
#10:2549,a c-axis-oriented AlScN(002),,
#10:252,a-Magnesia-Alumina-Silica,,
#10:787,a-TiO2,,
#10:813,aBN,,
#10:810,aBN films,,
#10:3172,aGNR,,
#10:2372,abrasion,,
#10:2708,acetal ester groups,,
#10:1077,acetic acid,,
#10:2820,acetone,,
#10:2576,acetylene,,
#10:2798,acrolein,,
#10:2347,acrylamide,,
#10:2759,acrylamides,,
#10:1104,active anode,,
#10:2255,active energy absorber/discharger components,,
#10:2674,actuator materials,,
#10:2273,actuators,,
#10:2229,additive manufacturing,,
#10:1107,additives,,
#10:3006,adhesion,,
#10:2377,adhesives,,
#10:2607,adipatic decompression,,
#10:4263,adjustable attenuation filter,,
#10:3030,adsorbed complexes,,
#10:2428,adsorption,,
#10:374,adsorption-desorption,,
#10:2715,advanced biofuels,,
#10:845,aerogel-like TiO2 thin films,,
#10:702,aerogel-like sample,,
#10:4189,ahertz,,
#10:851,air-cooled dry vacuum pump,,
#10:3175,al-ga-n/gaN heterostructures,,
#10:2740,alcohol,,
#10:2780,alcohols,,
#10:2806,alized compound ketomalonic (mesoxalic) acid (KMA).99,,
#10:630,alkali metal,,
#10:2072,alkali-activated material (AAM),,
#10:2793,alkyd resins,,
#10:2794,alkyds,,
#10:475,allotropes,,
#10:355,alloy,,
#10:241,alloys,,
#10:2218,alone metal,,
#10:540,alternative energy sources,,
#10:785,alumina,,
#10:1097,aluminide,,
#10:629,aluminium,,
#10:2078,aluminosilicate precursors,,
#10:515,aluminum,,
#10:786,aluminum nitride,,
#10:784,aluminum oxide,,
#10:971,aluminum oxide coatings,,
#10:2867,amino acids,,
#10:2739,ammonium,,
#10:2763,ammonium salts,,
#10:749,amorphous alumina,,
#10:807,amorphous boron nitride,,
#10:2619,amorphous epoxy,,
#10:2327,amorphous metallic film,,
#10:3018,amorphous oxides,,
#10:862,amorphous phase,,
#10:2935,anadium,,
#10:790,anatase,,
#10:2592,andium,,
#10:2755,anediol,,
#10:3134,anisotropic black phosphorus,,
#10:1085,annealing,,
#10:863,annealing process,,
#10:816,anode,,
#10:2296,anodization,,
#10:2976,anthracene,,
#10:4289,antiferromagnetic semiconductors,,
#10:4290,antiferromagnetic topological insulators,,
#10:2305,applications,,
#10:2265,argon,,
#10:3162,aromaticity,,
#10:2815,art objects,,
#10:575,ascorbic acid,,
#10:258,atom,,
#10:2533,atom probe,,
#10:4347,atomic chains,,
#10:854,atomic level processing,,
#10:3081,atomic structures,,
#10:3021,atomically smooth interfaces,,
#10:382,atoms,,
#10:2104,ayered material,,
#10:2173,b,,
#10:2662,back-scattered SEM,,
#10:2706,bamboo,,
#10:2705,bamboo fibres,,
#10:207,band structure,,
#10:4191,band structures,,
#10:376,bare carbon atom,,
#10:251,barrier coatings,,
#10:573,barrier films,,
#10:334,bash script,,
#10:962,beam damage effects in CNTs without an ALD coating,,
#10:3164,benzene,,
#10:2049,benzotriazole (BTA),,
#10:2812,benzyl alcohol,,
#10:3065,biaxial deformation,,
#10:4272,bilayer SnS,,
#10:3054,bilayer WSe 2,,
#10:4273,bilayer graphene (AB-stacked),,
#10:4282,bilayer graphene/hexagonal boron nitride superlattices,,
#10:1095,binary Pt-Ru alloy,,
#10:951,binary systems Fe 2O3 and Y2O3,,
#10:1105,binders,,
#10:2846,bio-PVC,,
#10:2716,biochemicals,,
#10:2697,biocomposite,,
#10:2701,biocomposite base,,
#10:2378,biomaterials,,
#10:189,biomimetic routes,,
#10:2427,biopolymer beads,,
#10:2195,bipolaron,,
#10:2975,bismuth,,
#10:2929,black phosphorus,,
#10:2813,boats,,
#10:2295,borate benzoate,,
#10:3163,borazine,,
#10:516,boron,,
#10:2293,boron doped carbon materials,,
#10:531,boron doped graphene,,
#10:806,boron nitride,,
#10:411,boron nitride nanosheet,,
#10:410,boron nitride nanosheets (BNNSs),,
#10:403,boron nitride nanotubes,,
#10:2280,boron nitrides (FBN-s),,
#10:639,boron sheet,,
#10:637,boron-Li system,,
#10:4151,boron-vacancy (V−B) centers,,
#10:2588,bottom electrode,,
#10:797,brain-inspired computing,,
#10:12,brazed ceramic-metal composite materials,,
#10:791,brookite,,
#10:2426,brush -modified sur faces,,
#10:1126,bubble,,
#10:72,building block of the Li7P3S11 crystal structure,,
#10:4359,bulk TaSe42I,,
#10:4234,bulk crystals of MnPS 3 and Fe3GeTe2,,
#10:2862,butadiene,,
#10:127,butanol,,
#10:2174,c,,
#10:3041,c entrifugation washing,,
#10:2863,"c is-1,4-polybutadiene",,
#10:3165,c),,
#10:2552,c-axis oriented sapphire wafers,,
#10:520,cadmium,,
#10:632,calcium,,
#10:631,calcium-Decorated Graphene-Based Nanostructures,,
#10:1114,camera,,
#10:705,capacitors,,
#10:2737,caprolactone,,
#10:2757,caprolactone and caprolactam,,
#10:1023,carbide,,
#10:2795,carbohydrate-based bicyclic diol,,
#10:474,carbon,,
#10:468,carbon aerogels,,
#10:472,carbon allotropes,,
#10:4186,carbon cluster,,
#10:4185,carbon dimer,,
#10:572,carbon layers,,
#10:3173,carbon nanonetwork,,
#10:364,carbon nanotubes,,
#10:3028,carbon nanotubes 31,,
#10:621,carbonate,,
#10:2764,carboxyl groups,,
#10:2941,catalysis,,
#10:253,catalysts,,
#10:3158,cated,,
#10:1111,cathode,,
#10:681,cathode sheath,,
#10:166,cations,,
#10:2143,ce,,
#10:188,cellular Si/SiC composites,,
#10:2718,cellulose,,
#10:131,cement,,
#10:133,cement powder,,
#10:2080,cement-based materials,,
#10:54,ceram,,
#10:149,ceram trans,,
#10:1096,ceramic materials,,
#10:173,ceramic-metal composite,,
#10:33,ceramics,,
#10:2825,cereal,,
#10:2642,cerium:yttria-tile,,
#10:2413,chain,,
#10:2371,chain segments,,
#10:2958,chalcogen atoms,,
#10:3152,characteristic diffraction pattern,,
#10:4360,charge-density-wave NbSe 3 nanowire,,
#10:4351,charge-density-wave quantum states,,
#10:2992,charged biexciton (quinton) states,,
#10:159,chemical materials,,
#10:1017,chemically resistant polymers,,
#10:2259,chip resistors,,
#10:4276,chiral QLG,,
#10:4277,chiral TLG,,
#10:2703,chitosan,,
#10:1005,chlorides and -oxides,,
#10:2969,chloroform-PC,,
#10:779,chromium oxides,,
#10:2965,chromium thiophosphate (CrPS4),,
#10:2712,citric acids,,
#10:555,clatherates and carbonaceous materials,,
#10:399,clathrate hydrates,,
#10:269,clay matrix,,
#10:566,clusters,,
#10:128,coated wall,,
#10:893,coating layers,,
#10:134,coating powder,,
#10:240,coatings,,
#10:2284,cobalt oxide,,
#10:570,coconut endosperm,,
#10:1020,complex 3D architecture,,
#10:160,composite ceramics,,
#10:512,composites,,
#10:2860,compostable bags and lids,,
#10:511,compounds,,
#10:393,compressed gas,,
#10:2373,concrete,,
#10:46,confocal Raman spectroscopy,,
#10:2419,constant engineering strain rates,,
#10:2814,construction,,
#10:4338,conventional covalent or ionic semiconductors,,
#10:117,cool materials,,
#10:587,copper,,
#10:2821,corn stover,,
#10:2826,"corn stover, wheat straw, cereal",,
#10:2524,correlative in-situ nanochip liquid cell transmission electron microscopy,,
#10:2070,corrosion resistance,,
#10:1178,corrosive agents,,
#10:2953,corrugated phosphorene-like crystal structure,,
#10:1070,corundum-structured α-Ga2O3thin films,,
#10:2859,cosmetic containers and cups,,
#10:322,cr,,
#10:324,cr-decorated single vacancy defect graphene,,
#10:4219,crI3,,
#10:4305,"crYX (Y=S, Se, Te; X=Cl, Br, I)",,
#10:2370,cross-link,,
#10:2464,cross-linked polymers,,
#10:676,cross-linkingP2C,,
#10:2713,cross-links,,
#10:2418,crosshead displacement control,,
#10:2348,crosslinker,,
#10:678,"crosslinker (PETMP, 15% of thiol functions, 0.110 g, 0.214 mmol), GDMP (85% of thiol functions, 2.43 mmol)",,
#10:2537,cryo puck,,
#10:2531,cryo stage of a PFIB/SEM,,
#10:2617,cryo-sorption pumps,,
#10:961,cryogenic TEM holder,,
#10:2614,cryogenic characteristics,,
#10:2526,cryogenic inert gas transfer technology,,
#10:2616,cryogenic low-noise amplifiers for radio-astronomy and space communication systems,,
#10:2527,cryogenic plasma-FIB/SEM (PFIB/SEM),,
#10:1064,crystal analyzer,,
#10:3179,crystal deposition,,
#10:4106,crystal structures,,
#10:129,crystalline components,,
#10:3019,crystalline dielectrics,,
#10:3023,crystalline oxides,,
#10:2109,crystalline silicon,,
#10:2433,crystallized poly -butadiene terephthalate (PBT),,
#10:3189,cts,,
#10:1119,current,,
#10:2099,current collector,,
#10:2175,d,,
#10:120,d cement pow-der,,
#10:913,"d), kM-Cu",,
#10:182,damage parameter,,
#10:675,dangling PC bond,,
#10:296,data mining,,
#10:2944,de- defects,,
#10:2477,de-ionized water,,
#10:1172,defects,,
#10:670,deformation,,
#10:1032,deionized water,,
#10:1116,delay generator,,
#10:2085,densified SF,,
#10:644,deuterated sample,,
#10:350,deuterium,,
#10:351,deuterium atoms,,
#10:870,dewetting of the film,,
#10:2789,di-2-ethylhexyl adipate,,
#10:2790,di-isonyl adipate,,
#10:665,diallyl dioxaborolane,,
#10:0,diamond,,
#10:124,diatomite,,
#10:617,diboronic acids,,
#10:465,dibutylmagnesium,,
#10:2962,dichalcogenides,,
#10:184,diele ctric,,
#10:912,dielectric,,
#10:183,dielectric dataset,,
#10:809,dielectric integration with 2D semiconductors,,
#10:3016,dielectric synthesis techniques,,
#10:944,dielectrics,,
#10:122,diethanolamine lauryl sulphate,,
#10:716,different thicknesses,,
#10:856,diffraction patterns (DPs) acquisition for M1.Sx and M2.Sx samples,,
#10:620,dihydrogen,,
#10:612,dihydrogen molecule,,
#10:2410,dimehysteresis,,
#10:3040,dimethylformamide,,
#10:2051,dispersion methods,,
#10:266,display technologies,,
#10:2858,disposable items,,
#10:1118,diﬀerential probe,,
#10:2961,double hydroxides (M2+)6Al3(OH)18[Na(H2O)6](SO4)2 6H2O,,
#10:2188,drop cast film,,
#10:3029,drug atoms,,
#10:2774,drug delivery systems,,
#10:2323,dynamic and ultrafast transmission electron microscopes,,
#10:2178,e,,
#10:352,e (Ramp I),,
#10:415,e h-BN layers,,
#10:981,e metal,,
#10:4328,e4/Cr2Ge2Te6,,
#10:261,econfigurable photonics,,
#10:706,ectron,,
#10:49,ectrons,,
#10:308,ed P-C3N,,
#10:2220,ed cellulose,,
#10:2055,ed oxidized carbon fiber (OCF),,
#10:2101,ed silicon anode materials,,
#10:2404,elastic-viscoplastic consti-,,
#10:2817,electrical components,,
#10:1102,electricity,,
#10:1101,electrochemical,,
#10:2192,electrochemical characterization,,
#10:2110,electrochemical energy storage systems (EESS),,
#10:427,electrolyser,,
#10:1108,electrolyte,,
#10:2223,electrolytes,,
#10:2352,electromagnetic shielding,,
#10:3138,electron,,
#10:2655,electron microscope,,
#10:995,electron microscope (SEM),,
#10:273,electronegativity,,
#10:2233,electrophoretic deposition (EPD),,
#10:1099,"electroplated pure Pt (a, b), pure Ru (c, d), and Pt-Ru alloy (e, f) coatings",,
#10:694,ellipsometer,,
#10:4209,encapsulated within MWCNT nanotubes,,
#10:2322,energy recovery linacs,,
#10:2892,ensile strain,,
#10:2409,entanglement,,
#10:1012,environmental or bio sensors,,
#10:2591,epitaxial Hf0.5Zr0.5O2 thin films,,
#10:673,epoxies,,
#10:669,epoxy,,
#10:2618,epoxy set,,
#10:2353,epoxy-based composites,,
#10:2574,ethane,,
#10:2801,ethanes and polyglycerol esters (PGEs),,
#10:2779,ethyl methacrylate,,
#10:2575,ethylene,,
#10:4323,exchange bias,,
#10:3122,excitonic species,,
#10:2990,excitons,,
#10:4122,excitons in different dimensions,,
#10:199,explainable machine learning algorithm,,
#10:745,extra-atomic relaxation energies,,
#10:2380,e− ˙εt/2,,
#10:2177,f,,
#10:2520,ferro-transmon,,
#10:3105,ferroelastic,,
#10:929,ferroelectric HZO thin films,,
#10:2590,ferroelectric HfO2,,
#10:3032,ferroelectric field-effect transistors,,
#10:925,ferroelectric thin films,,
#10:3145,ferroelectrically switched valley-dependent transmission in snte-pbte-snte monolayer lateral heterostructures,,
#10:2517,ferromagnetic,,
#10:4287,ferromagnetic metals,,
#10:4288,ferromagnetic semiconductors,,
#10:3011,few-layered H2O3N,,
#10:2754,fiber,,
#10:2695,fibroin,,
#10:2753,filament,,
#10:2403,fillers,,
#10:2997,film,,
#10:2480,film dimensions,,
#10:2456,financial support,,
#10:4306,first-principles calculations,,
#10:4139,flagship project,,
#10:2973,flake,,
#10:1087,flash heating with subsequent air cooling,,
#10:2281,fluorescein,,
#10:2918,fluoride,,
#10:826,"fluorine-doped tin oxide glass TEC 15 (FTO, XOP Glass, resistance 12-14 Ω/m)",,
#10:2073,fly ash,,
#10:99,for 1 h + water quenching,,
#10:2784,formaldehyde,,
#10:333,fortran90,,
#10:539,fossil fuels,,
#10:2664,fracture surface X-ray diffraction pattern,,
#10:2916,free W atoms,,
#10:664,free radical polymerization,,
#10:4213,free-standing CrI3 nanostructures,,
#10:794,free-standing TiO2 film,,
#10:1011,frequency transistors,,
#10:428,fuel cell,,
#10:598,functionalized graphane,,
#10:2056,functionalized h-BN-reinforced epoxy,,
#10:2928,functionalized monolayer,,
#10:4357,fundamental frequency,,
#10:843,fused silica,,
#10:2499,fusion magnet materials,,
#10:3192,g graphene,,
#10:2847,"g of cellulose, lignin, and sugar",,
#10:2095,g-51%Zn alloy,,
#10:4243,g-AlN,,
#10:2193,gT-g1NDI-g,,
#10:3044,ganic Chemistry,,
#10:2702,ganoderma lucidum,,
#10:3120,gapless 2D materials,,
#10:3102,gapless monolayer graphene,,
#10:3119,gapped 2D materials,,
#10:2479,garnets,,
#10:2572,gas carburization,,
#10:1121,gas outlet,,
#10:4154,gasket,,
#10:817,gate dielectric,,
#10:940,gh crystalline quality membranes,,
#10:682,glass,,
#10:2485,glass Pasteur pipette,,
#10:2443,glass panels,,
#10:2971,glass slide,,
#10:2460,glass transition,,
#10:2333,glass window,,
#10:67,glass-ceramic (gc) LPS,,
#10:73,glassy LPS compositions with x < 0.75,,
#10:2717,glucose,,
#10:2762,glutamic acid,,
#10:2797,gly,,
#10:2804,glycerol,,
#10:2721,glycopolymer,,
#10:3104,gnetic,,
#10:367,gold,,
#10:3027,gold (Au) 30,,
#10:2190,gold coated glass substrate,,
#10:4298,gold nanoribbons,,
#10:2199,granular materials,,
#10:444,graphane,,
#10:3174,graphdiyne-like carbon nanonetwork,,
#10:321,graphene,,
#10:4294,graphene bilayers,,
#10:4195,graphene layer,,
#10:4192,graphene nanoribbons,,
#10:471,graphene nanosheets,,
#10:926,graphene spintronics,,
#10:2290,graphene surface,,
#10:2112,graphene – boron nitride,,
#10:4172,graphene/MoS 2,,
#10:4173,graphene/MoSe2,,
#10:4216,graphene/nanotubes,,
#10:319,graphenyldiene,,
#10:1132,graphite,,
#10:2994,graphite back gate,,
#10:2337,graphite nanoflakes,,
#10:2643,graphite tooling,,
#10:315,graphiticcarbonnitrides(g-CN),,
#10:1135,graphyne,,
#10:272,gravimetric density,,
#10:4245,green,,
#10:2406,h parti-,,
#10:1171,h-BN,,
#10:2052,h-BN nanosheets,,
#10:4232,h-BN-capped MnPS3/Fe3GeTe2,,
#10:4138,h-boron,,
#10:2283,hBN,,
#10:2884,hBN flakes,,
#10:2993,hBN layers,,
#10:3171,hGDY,,
#10:1133,hafnium,,
#10:2449,hail,,
#10:3128,halbleitenden 2D-Materials,,
#10:2307,halide ferroelectric perovskite,,
#10:800,halide precursors,,
#10:2388,hard segment weight fraction (HSWF),,
#10:174,hard titanium carbide phase,,
#10:2421,hardening,,
#10:2888,hat,,
#10:2613,heat,,
#10:510,heat release process,,
#10:2254,heat transfer,,
#10:2123,heliostat CSP tower,,
#10:802,helium,,
#10:2719,hemicellulose,,
#10:931,hene (e-f),,
#10:2988,heptalayer (7L) graphene,,
#10:32,heptanary,,
#10:4196,heterostructure,,
#10:2877,heterostructures,,
#10:4171,heterostructures of graphene/h-BN,,
#10:1164,hexagonal boron,,
#10:4179,hexagonal boron -nitride,,
#10:2876,hexagonal boron nitride,,
#10:4152,hexagonal boron nitride (hBN),,
#10:1170,hexagonal boron nitride nanosheets,,
#10:31,hexanary,,
#10:4300,high TC ferromagnetic semiconductors,,
#10:2268,high dielectric constant,,
#10:1117,high voltage,,
#10:2583,high-energy phonon,,
#10:2865,hip coatings,,
#10:3139,hole,,
#10:2881,holes,,
#10:2608,homogeneously strained,,
#10:274,host metal atoms,,
#10:4163,hot plate,,
#10:23,hot sections of gas turbine engines,,
#10:2436,humidity,,
#10:2751,hutmacher,,
#10:2521,hybrid DC-SQUID,,
#10:2309,hybrid halide ferroelectric,,
#10:461,hydride,,
#10:2326,hydrochloric acid,,
#10:419,hydroene,,
#10:271,hydrogen,,
#10:390,hydrogen atoms,,
#10:2391,hydrogen bonding,,
#10:490,hydrogen desorption,,
#10:571,hydrogen molecule,,
#10:254,hydrogen release,,
#10:3034,hydrogen selenide,,
#10:305,hydrogen storage,,
#10:560,hydrogen storage in palladium hollow nanoparticles,,
#10:288,hydrogen storage materials,,
#10:750,hydrogenated amorphous alumina,,
#10:564,hydrogenated bulk palladium sample,,
#10:509,hydrogenation,,
#10:464,hydrogenation of magnesium films,,
#10:2920,hydrophilic surface,,
#10:125,hydroxy ethyl cellulose,,
#10:2743,hydroxyethyl methacrylate,,
#10:1175,hydroxyl ( -OH) functionalization,,
#10:2805,hydroxypropionaldehyde,,
#10:151,iC composite,,
#10:988,iO2,,
#10:2097,ical parameters related to heating radiation,,
#10:2654,ice,,
#10:541,ideal gas model,,
#10:397,imides,,
#10:2523,in-situ liquid cell transmission electron microscopy,,
#10:2933,indium/gold (In/Au) van der Waals (vdW) contacts,,
#10:850,inductively coupled plasma source,,
#10:2495,infinite-layer nickelates,,
#10:2808,ingeo,,
#10:2318,initiatives,,
#10:2350,initiator,,
#10:2450,ink,,
#10:2451,inkjet printing,,
#10:2221,inorganic ionogen,,
#10:395,inorganic systems,,
#10:2816,insulation,,
#10:934,interdigitated ITO microelectrodes (i),,
#10:2225,interdigitated or alternating structures,,
#10:462,intermetallic alloy,,
#10:2471,intra-scan distortion,,
#10:574,iodine,,
#10:668,ionic conductor,,
#10:2772,ionomers,,
#10:1124,ions,,
#10:517,iron,,
#10:2198,iron -based amorphous metals,,
#10:497,iron sulfide,,
#10:2810,isobutanol,,
#10:3043,isopropyl alcohol,,
#10:2873,itaconic acid,,
#10:242,ium zirconate,,
#10:915,kM-AlOx,,
#10:2302,kite solar cell,,
#10:2734,lactide,,
#10:4302,large-Dzyaloshinskii-Moriya interactions,,
#10:4301,large-gap quantum anomalous Hall effect,,
#10:2980,laser,,
#10:3180,laser writer system,,
#10:1003,laser-microstructured silicon with sulfur impurities,,
#10:263,lasers,,
#10:714,lasma,,
#10:2115,lattice dynamics,,
#10:17,lattices,,
#10:4278,layer graphene,,
#10:3136,layered systems,,
#10:2931,layered transition metal dichalcogenide semiconductors,,
#10:499,lead oxide,,
#10:2287,lectrodes,,
#10:2868,levoglucosan,,
#10:2264,licon,,
#10:534,ligands,,
#10:648,light porous materials,,
#10:2437,lighting conditions,,
#10:2720,lignin,,
#10:2783,lignocellulosic biomass,,
#10:2091,lime,,
#10:2714,linear,,
#10:2788,linear styrene -ethylene-butylene -styrene triblock copolymer series,,
#10:2545,liquid cell TEM,,
#10:2525,liquid cell electrochemical MEMs-based nanochip,,
#10:2434,liquid crystal elastomer actuators,,
#10:2435,liquid crystal elastomers,,
#10:2330,liquid gallium,,
#10:3022,liquid metal,,
#10:2486,liquid nitrogen,,
#10:394,liquid organic hydrogen carriers,,
#10:4362,liquid phase exfoliated (LPE) graphene,,
#10:2528,liquid solid -interface,,
#10:3005,liquid-TMD slip,,
#10:2103,lithiated silicon anode,,
#10:2102,lithiated silicon microparticles,,
#10:519,lithium,,
#10:48,lithium quantification,,
#10:4208,lled nanotubes,,
#10:649,llic,,
#10:849,load-lock chamber,,
#10:746,local coordination environment,,
#10:2269,low loss,,
#10:853,low temperature,,
#10:3092,lubricants,,
#10:2880,luminescence,,
#10:91,lutetium silicates,,
#10:2799,ly,,
#10:2424,lymer brush,,
#10:2057,lymers,,
#10:2478,"m high-density magnetic recording4–6 to optical isolators and nonreciprocal photonic components7,8",,
#10:488,magnesium,,
#10:532,magnesium decoration,,
#10:495,magnesium dihydride,,
#10:734,magnesium ions,,
#10:2518,magnetic Josephson Junctions,,
#10:50,magnetic lithium ferrite powders,,
#10:47,magnetic properties,,
#10:2088,magnetite (Fe3O4),,
#10:2063,magneto transport,,
#10:4115,magnetron sputtering,,
#10:2624,magnets,,
#10:84,manganite La 0.5Ca0.5MnO3,,
#10:2494,manuscript,,
#10:4113,maskless UV lithography,,
#10:2983,mass density,,
#10:1071,material lead zirconate titanate,,
#10:13,material property,,
#10:2227,material type,,
#10:2685,material1,,
#10:2686,material2,,
#10:335,matlab,,
#10:2369,matrix networks,,
#10:2940,memory storage,,
#10:3003,meta-GGA,,
#10:3089,meta-materials,,
#10:2075,metakaolin,,
#10:552,metal,,
#10:175,metal -ceramic composite,,
#10:379,metal catalyst,,
#10:3031,metal dichalcogenides (ML-TMDs),,
#10:255,metal hydride systems,,
#10:565,metal hydrides,,
#10:645,metal ions,,
#10:964,metal nanoparticles,,
#10:554,metal organic frameworks (MOFs),,
#10:1036,metal organic molecules,,
#10:736,metal oxides,,
#10:3178,metal stacks,,
#10:401,metal-organic frameworks (MOFs),,
#10:1016,metallic materials,,
#10:2163,metallic solid-state phase change materials,,
#10:2336,metals,,
#10:3088,metastructures,,
#10:2573,methane,,
#10:601,methanol,,
#10:2557,method,,
#10:2785,methylenedioxymethane,,
#10:846,methylindium,,
#10:1002,micro -Si photodiode,,
#10:1001,micro-Si,,
#10:666,micro-cracks,,
#10:1127,microdischarge,,
#10:361,microstructure and hydrogen storage properties of Ti-V-Cr based BCC-type high entropy alloys,,
#10:2823,milo (sorghum) stubble,,
#10:2077,mine tailings,,
#10:906,miniature resonators,,
#10:2882,minority carriers,,
#10:4253,mirror,,
#10:549,mixed alkali cluster intercalated fulleride series NaxLi6-xC60,,
#10:2313,mmetric lobes,,
#10:2425,modified particles,,
#10:2127,molten chloride salt,,
#10:2122,molten salts,,
#10:3117,molybdenum,,
#10:2979,molybdenum di-selenide (MoSe2),,
#10:4141,molybdenum diselenide,,
#10:3038,molybdenum disulfide,,
#10:2071,mon-TiO and Ti2O3,,
#10:3010,mono-layered H2O3N,,
#10:763,monoclinic,,
#10:3149,monoclinic GaTe,,
#10:3148,monoclinic 𝛼-As2Te3,,
#10:967,monolayer,,
#10:873,monolayer (1L),,
#10:3121,monolayer (1L) transition metal dichalcogenides,,
#10:980,monolayer AlOx/GaN substrates,,
#10:985,monolayer MoS 2,,
#10:3111,monolayer MoS2,,
#10:4271,monolayer SnS/graphene,,
#10:2893,monolayer TMD,,
#10:4177,monolayer TMDs (MoSe 2 and WSe 2),,
#10:2989,monolayer WS 2,,
#10:2927,monolayer WSe 2,,
#10:4136,monolayer graphene,,
#10:4140,monolayer hexagonal boron nitride (MhBN),,
#10:3098,monolayer kirigami WS2 nanosheet,,
#10:3095,monolayer pristine WS2,,
#10:3133,monolayer transition metal dichalcogenides,,
#10:2956,monolayer tungsten diselenide (WSe2),,
#10:2991,monolayer tungsten disulfide,,
#10:314,monolayers,,
#10:2957,monovacancies with high binding energies,,
#10:2610,mounting plates,,
#10:2087,mullite (3Al2O3·2SiO2),,
#10:158,multi-layered ceramic matrix,,
#10:408,multi-walled carbon nanotubes (MWCNTs),,
#10:1024,multilayer graphene,,
#10:2473,multislice electron ptychography,,
#10:2704,mycelium,,
#10:2698,mycelium composite,,
#10:2700,mycelium-based materials,,
#10:2453,mylar,,
#10:542,"n by ZrNi [31], LaNi",,
#10:2466,n of the applied loading,,
#10:1073,n titanate,,
#10:2811,n-butanol,,
#10:2778,n-butyl methacrylate,,
#10:3127,n-layer,,
#10:368,nAu-CNT168,,
#10:369,nAu-CNT228,,
#10:914,nM-AlOx,,
#10:3100,nano-ribbon,,
#10:463,nanocomposites,,
#10:2105,nanoconfined fluids,,
#10:2600,nanocrystalline morphology,,
#10:2939,nanoelectronics,,
#10:3087,nanofabrication,,
#10:2357,nanoflakes,,
#10:373,nanographene,,
#10:396,nanomaterials,,
#10:917,nanometre thick channels,,
#10:2461,nanoparticles,,
#10:907,nanopillar,,
#10:910,nanopillar array,,
#10:2978,nanoribbons,,
#10:2244,nanorods,,
#10:2627,nanoscale electrical characterization,,
#10:559,nanoscale kirkendall diffusion,,
#10:671,nanoscale materials,,
#10:3097,nanosheet,,
#10:2914,nanosheets,,
#10:567,nanostructures,,
#10:2972,nanotube,,
#10:365,nanotubes,,
#10:4199,nanovoltmeter,,
#10:1021,nanowire,,
#10:904,nanowires,,
#10:1139,naphthalene,,
#10:1136,naphthylene,,
#10:3020,native oxides,,
#10:4284,nd graphene,,
#10:680,negative oxygen ions,,
#10:2898,neon,,
#10:2765,netetramine,,
#10:1123,neutrals,,
#10:4157,neutron-irradiated hBN crystal,,
#10:667,ng,,
#10:489,nickel,,
#10:341,nickel_oxide,,
#10:2228,niques,,
#10:1165,nitride (h-BN),,
#10:2334,nitrile rubber thin sheet,,
#10:2374,nitrogen,,
#10:693,noble metal,,
#10:380,non-exothermic hydrogen release,,
#10:2707,norbornene dicarboximide monomers,,
#10:360,notable hydrogen storage in Ti –Zr–V–Cr–Ni high entropy alloy,,
#10:723,np-SiOx,,
#10:719,np-SiOx th,,
#10:2699,ntability,,
#10:200,o-MAX phases,,
#10:222,o-MXene Mo2VC2Tx and Mo2V2C3Tx,,
#10:320,octadecagonalpores,,
#10:1167,octadecylamine (ODA),,
#10:2237,octahedral,,
#10:1140,octamethylnaphthalene,,
#10:2196,oibos,,
#10:2119,oil-based HTF,,
#10:677,ol,,
#10:2308,olive,,
#10:2943,olling grain boundaries,,
#10:4350,one-dimensional van der Waals quantum materials,,
#10:2236,open cubic,,
#10:147,open-hole,,
#10:1122,optical fiber,,
#10:2986,optical penetration depth,,
#10:2625,optical response,,
#10:2938,opto-electronics,,
#10:4280,optoelectronic devices,,
#10:4247,orange,,
#10:2493,ore,,
#10:116,organic agents,,
#10:827,organic nanowires,,
#10:409,oribbons,,
#10:268,orillonite (Mt),,
#10:2111,oron nitride,,
#10:2609,orthorhombic regions,,
#10:3147,orthorhombic α-MoO3,,
#10:1112,oscilloscope,,
#10:1110,other materials,,
#10:3191,overgrowth,,
#10:3182,ovskite oxides,,
#10:2455,owledges,,
#10:2913,oxide formation,,
#10:2917,oxide species,,
#10:718,oxygen,,
#10:3126,p-layer,,
#10:622,p-tert-butylcalix[4]arene (TBC),,
#10:561,palladium,,
#10:370,palladium alloy,,
#10:2809,panol,,
#10:2857,paper coatings,,
#10:2312,parent complex,,
#10:2189,parylene,,
#10:187,paste,,
#10:2767,pentanehexammine,,
#10:185,permittivity,,
#10:2306,perovskite,,
#10:1072,perovskite SnTiO3,,
#10:3183,perovskite oxide,,
#10:3181,perovskite oxides,,
#10:825,perovskite solar cells,,
#10:928,perovskites,,
#10:2094,phase diagram,,
#10:2423,phenolphthalein poly (ether sulfone),,
#10:608,phenyl,,
#10:2606,phonon,,
#10:4188,phonon coupling,,
#10:2602,phonon dynamics,,
#10:2116,phonon scattering mechanisms,,
#10:2582,phonons,,
#10:979,phosphonic acids,,
#10:3151,phosphor screen,,
#10:3094,phosphorene,,
#10:264,photodetectors,,
#10:3131,photodiode,,
#10:3062,photoemission spectroscopy,,
#10:3130,piezoelectric actuator,,
#10:968,pin-hole,,
#10:2818,pipes and tanks,,
#10:949,planar NiFe thin films,,
#10:638,planar boron sheets,,
#10:805,planar samples,,
#10:4114,plasma etching,,
#10:895,plasma free,,
#10:861,plasma magnetron sputtering,,
#10:795,plasma-enhanced atomic layer deposition,,
#10:858,plasma-induced thermal interactions,,
#10:4187,plasmons,,
#10:833,plastics and polymers,,
#10:841,platinum porphyrins,,
#10:4150,platinum wires,,
#10:2194,polaron,,
#10:2786,poly(1-butene),,
#10:2777,poly(L-lactic acid),,
#10:2730,poly(alkylene succinate)s,,
#10:2733,poly(butylene succinate),,
#10:2731,poly(ethylene succinate),,
#10:2802,poly(glycerol carbonate)s,,
#10:663,poly(methyl acrylate),,
#10:2951,poly(methyl methacrylate),,
#10:2732,poly(propylene succinate),,
#10:2851,poly-3-hydroxybutyrate,,
#10:2852,poly-4-hydroxybutyrate,,
#10:2343,polyacrylamide,,
#10:2922,polyamide 6 (PA6),,
#10:2725,polyamides,,
#10:2728,polyanhydrides,,
#10:1174,polyaniline (PANI),,
#10:1177,polyaniline grafting,,
#10:2400,polyborosiloxane (PBS),,
#10:4112,polycarbonate (PC),,
#10:4281,polycarbonate films,,
#10:2257,polycarbonate material,,
#10:2457,polycarbonate sheet,,
#10:2726,polycarbonates,,
#10:176,polycrystal modelling,,
#10:990,polycrystalline,,
#10:82,polycrystalline (1-x) BaTi0.8Sn0.2O3 - (x),,
#10:2967,polydimethylsiloxane,,
#10:1168,polydimethylsiloxane (PDMS),,
#10:2048,polydopamine (pDA),,
#10:1166,polydopamine (pDA) -functionalized Cu²⁺ -decorated GO nanosheets,,
#10:2414,polyelectrolyte,,
#10:2417,polyelectrolyte sheets,,
#10:2408,polyelectrolytes,,
#10:3039,polyester fibres,,
#10:2724,polyesters,,
#10:2819,polyether polyols,,
#10:2854,polyhydroxyhexanoate,,
#10:2855,polyhydroxyoctanoate,,
#10:2853,polyhydroxyvalerate,,
#10:4184,polyimide,,
#10:597,polylithiated (OLi2),,
#10:652,polylithiated molecules,,
#10:842,polymer,,
#10:2463,polymer beads,,
#10:2722,polymer brushes,,
#10:2375,polymer chains,,
#10:4361,polymer composites,,
#10:2390,polymer constituents,,
#10:715,polymer films (PPFs),,
#10:2459,polymer materials,,
#10:2050,polymer matrix properties,,
#10:2462,polymer nanocomposites,,
#10:2232,polymer substrates,,
#10:83,polymeric La0.5Ca0.5MnO3,,
#10:2079,polymeric chains,,
#10:831,polymeric film,,
#10:2742,polymerization,,
#10:398,polymers,,
#10:4341,polymorphic forms,,
#10:2791,polyols,,
#10:2760,"polyoxymethylene, polyacetal resin",,
#10:2452,polypropylene,,
#10:2723,polysaccharides,,
#10:2422,polystyrene,,
#10:2226,"polythiophene (PTH), polypyrrole (PPy, PANI), metal – organic frameworks (MOFs)",,
#10:3112,polytype of multilayer MoS 2,,
#10:2395,polyurea,,
#10:2386,polyurea nanocomposites,,
#10:2385,polyurea-based adhesives,,
#10:2727,polyureas,,
#10:2384,polyurethane,,
#10:2729,polyurethanes,,
#10:830,porous TiO2 film,,
#10:2135,porous matrix,,
#10:838,porous thin TiO2 films,,
#10:603,potassium,,
#10:2500,power plant safety and reliability,,
#10:1115,power supply,,
#10:947,precursors,,
#10:2532,prepared cryo-APT specimens,,
#10:2240,pressure vessel steel,,
#10:359,principal-componentCoFeMnTixVyZrz alloys,,
#10:2200,printable and tailoring solvent,,
#10:1120,probe,,
#10:2735,propiolactone,,
#10:2848,propylene,,
#10:2298,prosthesis,,
#10:2775,prosthetics,,
#10:4319,protrusion,,
#10:123,pulp waste liquor,,
#10:956,pulsed laser deposition,,
#10:818,pump,,
#10:4248,purple,,
#10:2274,py roelectric infrared sensors,,
#10:728,"pyramidal, antimony (n) doped silicon cantilever tip",,
#10:3142,quantum dot,,
#10:3140,quantum dots,,
#10:4349,quantum materials,,
#10:1013,quantum metrology standards,,
#10:4176,quantum valley Hall insulators,,
#10:798,quantum-dot optoelectronic devices,,
#10:2090,quartz,,
#10:4355,quasi-1D vdW materials,,
#10:2634,radiation effects,,
#10:2447,rain,,
#10:130,ral,,
#10:132,ral powder,,
#10:353,ramp,,
#10:2796,random PE xManxyT copolyesters,,
#10:2114,raphene,,
#10:406,raphene sheets,,
#10:1086,rapid thermal annealing,,
#10:64,rare-earth disilicate,,
#10:2401,rate-stiffening soft polymer,,
#10:662,rature (1/T),,
#10:848,ray windows,,
#10:634,reactive sputtering,,
#10:2239,reactor pressure vessel steel,,
#10:3096,rectangular,,
#10:446,rectangular macropores,,
#10:4249,red,,
#10:3137,red circle,,
#10:2076,red mud,,
#10:3190,residues,,
#10:2355,resistivity,,
#10:729,resonant frequency 320 kHz,,
#10:45,rietveld analysis,,
#10:2632,rock-salt (B1),,
#10:999,room-temperature PL spectrum,,
#10:2238,rotated diamond,,
#10:4155,ruby,,
#10:789,rutile,,
#10:2690,rutile TiO2,,
#10:553,s and alloys,,
#10:2317,s and electrolyte design efforts,,
#10:2187,s of the electrode materials,,
#10:2948,s109,,
#10:2946,s32,,
#10:2947,s40,,
#10:2950,s41,,
#10:2949,s65,,
#10:2368,sacrificial,,
#10:2366,"sacrificial (sDN) (blue dashed line), matrix (mDN)",,
#10:2120,salt-based HTF,,
#10:847,sapphire,,
#10:970,sapphire sub-strates,,
#10:643,sapphire tube,,
#10:2481,saturation magnetization,,
#10:2773,scaffold,,
#10:732,scaffold strand,,
#10:2139,scale,,
#10:3101,second valence subband state,,
#10:855,secondary electron Bruker XFlash Detector 5010,,
#10:2663,secondary electron image,,
#10:2897,selenium,,
#10:650,semiconducting,,
#10:4214,semiconducting carbon nanotubes,,
#10:982,semiconductor,,
#10:898,semiconductor III-V,,
#10:908,semiconductor pillars,,
#10:2335,semiconductors,,
#10:2974,semimetal,,
#10:651,semimetallic,,
#10:2272,sensor,,
#10:265,sensors,,
#10:260,seven H atoms,,
#10:161,shells,,
#10:2469,shift measurements,,
#10:1176,silanization,,
#10:562,silica,,
#10:2633,silica (SiO2),,
#10:556,silica nanospheres,,
#10:119,"silica sand (quartz), mica, nickel-zinc ferrite and swelling clay (or bentonite), graphite, ultraanthracite ash",,
#10:118,silicate,,
#10:2671,silicate glass,,
#10:892,silicon,,
#10:55,silicon carbide,,
#10:4137,silicon dioxide,,
#10:2134,silicon nanocrystals,,
#10:712,silicon wafers,,
#10:890,silicon-rich films,,
#10:2694,silk,,
#10:2696,silk-fibroin aerogel,,
#10:2907,silver,,
#10:679,silver nanowire (AgNW),,
#10:4198,silver paint,,
#10:683,silver paste,,
#10:615,single interlayers,,
#10:2470,single scan,,
#10:323,single vacancy graphene,,
#10:412,single- walled boron nitride nanotubes,,
#10:4203,single-walled CrI3 nanotube,,
#10:407,single-walled carbon nanotubes (SWCNTs),,
#10:44,sintered ceramics,,
#10:2546,site specific cryo APT,,
#10:2074,slag,,
#10:198,smart design approach,,
#10:2448,snow,,
#10:602,sodium,,
#10:633,sodium alanate,,
#10:4363,sodium alginate,,
#10:307,sodium decoration,,
#10:318,sodium-decorated P-C3N,,
#10:262,solar cells,,
#10:3091,solid and dry film,,
#10:2912,solids,,
#10:1109,solvent,,
#10:3042,solvent exchange,,
#10:614,solvent molecules,,
#10:1106,solvents,,
#10:2792,sorbitol (SBL),,
#10:2985,specific heat,,
#10:2092,spectral emissivity,,
#10:1113,spectrometer,,
#10:470,spersed MgH 2 nanoparticles,,
#10:52,spinel lithium ferrite,,
#10:2555,sputter deposited Al0. 72Sc0. 28N,,
#10:957,sputter deposition,,
#10:769,sputtered nanoparticles (NPs),,
#10:385,sputtered samples,,
#10:2271,stable dielectric constant,,
#10:1130,stainless steel,,
#10:933,stainless steel mesh (h),,
#10:301,stainless steels,,
#10:2440,standardized constraints,,
#10:2441,standardized shape in manufacturing,,
#10:733,staple strands,,
#10:2861,starch,,
#10:2294,stearic acid,,
#10:586,steel,,
#10:302,steel substrate,,
#10:3132,sten diselenide,,
#10:661,stickers,,
#10:2420,stiffness,,
#10:375,storage,,
#10:1103,storage devices,,
#10:2465,strain,,
#10:14,strength parameter (VMS),,
#10:2364,stress,,
#10:2412,stress stiﬀening/softening and necking,,
#10:2365,stretch,,
#10:445,strong and ductile colossal carbon tubes,,
#10:599,strong graphane- metal interaction,,
#10:747,structural disorder,,
#10:4365,sub-THz EHF-band (220 GHz to 320 GHz),,
#10:946,substrate,,
#10:1134,substrates,,
#10:2738,succinic acid,,
#10:2874,sucinic acid,,
#10:498,sulfur trioxide,,
#10:2445,sunlight,,
#10:799,superconducting detectors,,
#10:2615,superconductive power cables,,
#10:692,superconductor,,
#10:952,supercycle approach,,
#10:704,superlattice mismasks,,
#10:1173,surface,,
#10:3060,surface oxidation,,
#10:2942,surface-mounted sensing,,
#10:413,swbnnt,,
#10:2822,switchgrass,,
#10:4254,symmetry,,
#10:2367,"synthesis protocol inspired by experimental elastomer preparation and radical polymerization schemes [24, 25] (Fig. A1(a))",,
#10:2376,synthetic polymer,,
#10:720,talytic AgOx/TiOx plasma coatings,,
#10:294,talytic elements,,
#10:2593,tantalate,,
#10:2571,tantalum,,
#10:2454,tape,,
#10:3082,tb-TMDs,,
#10:354,temperature,,
#10:2389,tensile storage modulus,,
#10:148,tensile tests,,
#10:2766,tetraethylenepentamine,,
#10:762,tetragonal,,
#10:2488,tetragonal (T) phase,,
#10:616,tetrahedral tetraboronic acids,,
#10:2850,"tetrahydrofurfuryl alcohol and 2,5-bis(hydroxymethyl) tetrahydrofuran",,
#10:1031,tetrakis(dimethylamido) hafnium (TDMAHf),,
#10:2351,tetramethylethylene diamine,,
#10:618,tetraols,,
#10:2982,thermal conductivity,,
#10:857,thermal effect,,
#10:748,thermal fluctuations,,
#10:239,thermal radiation,,
#10:684,thermocouples,,
#10:2984,thickness,,
#10:758,thin film,,
#10:2508,thin film growth,,
#10:392,thin films,,
#10:2191,thin interlayer,,
#10:993,thin ﬁlm transistors,,
#10:4144,three-dimensional architectures,,
#10:3090,tical modulators,,
#10:1076,tin acetate,,
#10:1075,tin titanate,,
#10:1129,titanium,,
#10:2656,titanium diboride,,
#10:496,titanium dioxide,,
#10:2522,tive memory devices,,
#10:891,tokamak plasma-fac ing components,,
#10:883,topmost Au atoms,,
#10:4257,topograph,,
#10:4353,topological insulators,,
#10:2864,"trans -1,4-polybutadiene",,
#10:2164,transcribed,,
#10:16,transformations,,
#10:703,transistors,,
#10:4296,transition metal dichalcoge nides (TMDs),,
#10:4180,transition metal dichalcogenide (TMD) 12–17,,
#10:3114,transition metal dichalcogenide (TMD) nanotubes,,
#10:2879,transition metal dichalcogenide heterobilayers,,
#10:4312,transition metal dichalcogenide monolayer,,
#10:3026,transition metal dichalcogenides,,
#10:2955,transition metal dichalcogenides (TMDs),,
#10:4331,transition metal trichalcogenides,,
#10:2878,transition metals,,
#10:4149,transmitting medium,,
#10:2407,triangular particle raft,,
#10:126,tributyl phosphate,,
#10:3150,triclinic ReSe 2,,
#10:121,triethanolamine,,
#10:2987,trilayer graphene,,
#10:300,tritium,,
#10:386,tromagnet,,
#10:2321,tron lasers,,
#10:246,tropy oxide,,
#10:3004,tungsten,,
#10:2959,tungsten atoms,,
#10:2936,tungsten diseleni de (WSe 2),,
#10:3037,tungsten diselenide,,
#10:2932,tungsten diselenide (WSe2),,
#10:2930,tungsten disulfide,,
#10:2484,tungsten wire,,
#10:4135,tunnel barrier,,
#10:4143,tunnel field-effect transistors,,
#10:313,turing tetragonal lattices,,
#10:3080,twisted trilayer MoS 2,,
#10:3078,twisted trilayer molybdenum disulfide,,
#10:259,two Mg atoms,,
#10:418,two-dimensional carbon nitride (g-C3N4) nanosheets,,
#10:3143,two-dimensional electron gas,,
#10:4142,two-dimensional materials,,
#10:3123,two-dimensional semiconductors,,
#10:2068,two-phase titanium alloys,,
#10:4314,ub-strat,,
#10:4168,ultra-thin films,,
#10:808,ultrathin (2 -20 nm) aBN,,
#10:2289,ultrathin COF-1 nanosheets,,
#10:3066,uniaxial strain,,
#10:4295,untwisted bilayers,,
#10:2253,ural,,
#10:4147,ure marker,,
#10:871,usp laser annealed MoS2 film,,
#10:840,ust Anti-Icing Superhydrophobic Aluminum Alloy,,
#10:167,uth nitrate pentahydrate Bi(NO 3)3 · 5H 2O and tetrabutyl titanate Ti(CH 3(CH2)3O) 4,,
#10:2288,v-CNS-RGO-3 electrode,,
#10:2285,v-COF-GO,,
#10:2736,valerolactone,,
#10:3103,valleytronic materials,,
#10:4324,van der Waals MnBi2Te4/Cr2Ge2Te6,,
#10:4105,van der Waals antiferromagnets,,
#10:4270,van der Waals heterostructure,,
#10:4153,van der Waals magnets,,
#10:4330,van der Waals materials,,
#10:4369,van der Waals quantum materials,,
#10:4326,van der WaalsMnBi2Te4/Cr2Ge2Te6,,
#10:4181,various materials,,
#10:4309,vdW Janus ML,,
#10:4304,vdW Janus ML Cr-based dichalcogenide halides,,
#10:4229,vdW MnPS 3/Fe3GeTe2 system,,
#10:4121,vdW crystals,,
#10:4346,vdW epitaxy,,
#10:4315,vdW heterostructure,,
#10:3025,vdW magnetic materials,,
#10:3146,vdW materials,,
#10:3013,vdW semiconductors,,
#10:3124,vdWH,,
#10:4169,vdWHs,,
#10:793,ve for a,,
#10:2781,vegetable oils,,
#10:4345,vertical and horizontal stacking,,
#10:2776,vinyl acetate,,
#10:2741,virginia,,
#10:576,vitamin C (VC),,
#10:657,vitrimer blends,,
#10:656,vitrimers,,
#10:2392,volume fraction,,
#10:3035,w(CO)6 powder,,
#10:3141,wafer-scale and macroscopic architectures,,
#10:2612,water,,
#10:2152,water flow loop,,
#10:3000,water monomer,,
#10:4242,water splitting processes,,
#10:905,waveguides,,
#10:2054,wetting agent,,
#10:2824,wheat straw,,
#10:2446,wind,,
#10:2750,woodruff,,
#10:713,wound dressings,,
#10:156,woven yarns,,
#10:4285,wse2,,
#10:2387,xGnP,,
#10:4246,yellow,,
#10:2849,yltetrahydrofuran,,
#10:2768,ymers,,
#10:5,yttria-stabilised zirconia,,
#10:196,yttria-stabilized zirconia,,
#10:950,"yttrium iron garnet (Y 3Fe5O12, YIG)",,
#10:2086,z (SiO2),,
#10:400,zeolites,,
#10:518,zinc,,
#10:756,zirconia,,
#10:772,zirconia thin film,,
#10:775,zirconia thin films,,
#10:1067,α phase,,
#10:814,α-Al2O3,,
#10:1066,α-Ga2O3,,
#10:3157,α-MoO3,,
#10:3144,α-in2se3 nanoﬂakes,,
#10:436,β Peq,,
#10:56,β phaseRE2Si2O7,,
#10:76,β-Li3PS4,,
#10:108,β-Lu2Si2O7,,
#10:107,β-Sc2Si2O7,,
#10:527,β-Ti,,
#10:106,β-Yb2Si2O7,,
#10:1141,β-naphthyne,,
#10:437,γ Peq,,
#10:75,γ-Li3PS4,,
#10:1068,ε phase,,
#10:2379,εt,,
#10:2492,ζ-Ta4C3-x,,
#10:153,κcer,,
#10:154,κdummy,,
#10:152,κmet,,
#10:4251,λR SOC,,
#10:227,υ,,
#10:4190,∗ Corresponding author,,
#10:2603,-Ga2O3,,
#10:2604,-Ga2O3 microcrystalline films,,
#10:1138,𝛽-naphthyne,,
